857974462884581377	Disgust,Hindi
857292769961926656	Sadness,Mixed
857278769278709760	Sadness,Hindi
857094079485792257	Anger,Hindi
856897065367986176	Disgust,Hindi
862172708255047680	Surprise,Hindi
861314977012998145	Happiness,Hindi
860777883484262400	Sadness,Hindi
891661314719977473	Anger,Hindi
872483689925496832	Disgust,Both
870582785517510656	Happiness,Hindi
951462280138391552	Sadness,Hindi
948648227011690496	Sadness,Both
948071495305187328	Anger,Hindi
879571506598215681	Happiness,Hindi
875620538214825989	Sadness,Hindi
847719604189188096	Surprise,Hindi
847511236631592960	Happiness,Hindi
847376105065529344	Sadness,Hindi
886939539280769024	Disgust,Hindi
899490672381644800	Surprise,Hindi
897432037874843648	Fear,Mixed
942810628862902273	Happiness,Mixed
939547100802682880	Sadness,Hindi
939391326088339456	Fear,Hindi
938994127047241728	Sadness,Mixed
938578967937740805	Surprise,Mixed
916572722322300933	Disgust,Mixed
915439980859744256	Anger,Mixed
915069610264629250	Happiness,Hindi
914149144117133312	Anger,Hindi
935127547242733568	Anger,Mixed
933408491380887552	Anger,Hindi
931471600322428928	Sadness,Hindi
922836630670417926	Disgust,Hindi
922442415637782528	Sadness,Mixed
921017174549938176	Happiness,English
920831105023877121	Happiness,Mixed
919564502420439040	Happiness,English	Anger,Hindi
842199231280603137	Anger,Mixed
842102658756444172	Anger,Mixed
842086384211005442	Disgust,Mixed
840415713160445952	Anger,Hindi	Surprise,English
839295137486372864	Sadness,Hindi
835173552303312896	Happiness,Mixed
835069448734244864	Happiness,English
833892057047523331	Happiness,English	Anger,Hindi
833695626273624064	Sadness,Hindi
832740243619069953	Disgust,Hindi
829041395054804992	Surprise,Hindi
829034082151567360	Sadness,Hindi
828138939756183553	Sadness,Mixed
826739857909231616	Sadness,Mixed
826686201130266624	Anger,Hindi
824283438840762368	Anger,Hindi
903488996340203522	Anger,Mixed
822116699138904068	Happiness,Hindi
821388452608491520	Happiness,Mixed
820302133660504065	Sadness,Mixed
818419990009356288	Anger,Mixed
818326681933008898	Surprise,Mixed
817626833831067648	Happiness,Mixed
815765687625019393	Surprise,Mixed
929732720657174528	Happiness,Mixed
929664775344099328	Happiness,Mixed
929302771001524225	Sadness,Mixed
928948969601875969	Happiness,Mixed
928876381827579904	Sadness,Both
928808084129984512	Happiness,Hindi
928356678579273728	Sadness,Hindi
928306002868420609	Happiness,Mixed	Surprise,Hindi
928294990345850886	Sadness,Mixed
928290734121222149	Sadness,Hindi
928272808785743872	Sadness,Mixed	Fear,Hindi
928204456893616129	Sadness,Hindi
928176386187112449	Happiness,English	Fear,Hindi
927800507581710336	Happiness,Both
927519806470856706	Sadness,English	Fear,Hindi
925658248312537088	Sadness,Mixed
928139233918947328	Fear,Mixed
928117704044699648	Anger,Mixed
918549540717731840	Fear,Mixed
839362380840730624	Sadness,Hindi
815824988947156992	Surprise,Mixed
893716386790334464	Sadness,Mixed
895927365569622016	Anger,Mixed
836982509640560640	Disgust,Hindi
836956656068136960	Anger,Mixed
836955215941234688	Anger,Both
835755089902059521	Anger,Both
910877989356765186	Anger,English
906373171896446977	Anger,Both
906350509153382401	Sadness,Mixed
918140989486723072	Fear,Hindi
917830462797627392	Happiness,Mixed
842733984585060353	Fear,Hindi
842718524359540736	Happiness,Mixed
840513539878068224	Sadness,Hindi
953190549833551872	Sadness,Mixed
938771374725742594	Anger,Hindi
870313983017746432	Anger,Mixed
897790723763908609	Anger,Hindi
897789930340044800	Sadness,Mixed
860914177346490368	Surprise,Mixed
860905968032415744	Surprise,Mixed
846447791308091392	Anger,Mixed
902588612054704128	Happiness,Mixed
902502087023517697	Anger,Both
902482549452275712	Sadness,Mixed
950723143198433280	Anger,Mixed
851423852198592513	Sadness,Mixed
866866863468359680	Surprise,Mixed
938411534916734977	Anger,Mixed
860005225079476225	Sadness,Mixed	Fear,Hindi
860002858997043200	Anger,Mixed
859626800573542400	Anger,Mixed
849212504899301376	Happiness,Hindi
848847216210878464	Happiness,Mixed
856984383286157312	Disgust,Mixed
856099205915451393	Sadness,Hindi
856036961638785025	Anger,Hindi
854930364011343874	Anger,Mixed
854690825640345600	Sadness,Mixed
854678142430183425	Sadness,Hindi
949577463654318081	Sadness,Both
948929399243423744	Anger,Mixed
858363917843800065	Disgust,Mixed
858306287867576320	Anger,Mixed
858243304495792129	Happiness,Mixed
948520980086960128	Disgust,Mixed
947797575519715328	Disgust,Hindi
947708174856884224	Surprise,Hindi
947387181915521024	Happiness,Mixed
854304847922909184	Anger,Mixed
854304082852315136	Sadness,Hindi
853862517365288960	Happiness,Hindi
853517416466350085	Anger,Mixed
901833791605424128	Sadness,Mixed
901416713891303424	Anger,Mixed
901293433129582592	Sadness,Hindi
848195755802099712	Anger,Mixed
848119151822426112	Anger,Mixed
847869117633875969	Disgust,Hindi
847641360471515138	Sadness,Mixed
847628998737707008	Sadness,Mixed
847475134520672256	Anger,Hindi
847447841790349312	Anger,Hindi
847446859509518336	Sadness,Mixed
847419941321981952	Disgust,Mixed
932991102612676608	Anger,English
933228379200937984	Anger,Mixed
864761376312393729	Disgust,Hindi
864734535602368512	Disgust,Mixed
864610876849963008	Sadness,Hindi
864473067203969024	Disgust,Mixed
864425989643939841	Anger,Hindi
863060152047599616	Surprise,Mixed
900652890972237824	Happiness,Mixed
900549902236737538	Sadness,Mixed
862635219161149440	Sadness,Hindi
900756330130145280	Happiness,Hindi
900633103185567744	Anger,Mixed
946614496264568832	Happiness,Both
941795613296836608	Sadness,Hindi
941732338710462464	Happiness,Both
941716136915120128	Happiness,English
925540823382425600	Happiness,English
851673515195543552	Happiness,Hindi
863419146251390976	Sadness,Mixed
900660039421014018	Sadness,Mixed
900595912669409281	Sadness,Hindi
900000314438303744	Sadness,Mixed	Anger,Hindi
899968084865196033	Disgust,Mixed
899276157232627713	Surprise,Mixed
898193338846789638	Happiness,Hindi
943686649120153600	Sadness,Mixed
939724588191117312	Sadness,Mixed
939392626838487040	Sadness,Mixed	Anger,Mixed
939047308129214464	Sadness,Mixed
938773398137610240	Disgust,Mixed
938107616437460992	Happiness,Mixed
937896037330460672	Happiness,Mixed
937229264516083712	Disgust,Mixed
868403629132103680	Happiness,Hindi
895721851787390976	Sadness,Mixed
895311217312411648	Anger,Hindi
951162180975542272	Happiness,Hindi
951110208285061120	Happiness,Mixed	Sadness,Hindi
951051854992912385	Happiness,Mixed
951035294567997440	Sadness,Mixed
950235708542906368	Sadness,Mixed
949900225245732866	Sadness,Hindi
905185707009859584	Sadness,Hindi
904005218433548288	Happiness,Mixed
902482373127766017	Anger,Hindi
850044492874960898	Happiness,Hindi
847858773914001408	Happiness,Hindi
947337277616807937	Sadness,Mixed
946895185278935040	Sadness,Mixed
946391606168469504	Sadness,Mixed
908028794992173056	Sadness,Hindi
908017094767153152	Surprise,Mixed
907356142128558080	Anger,Mixed
907259847644610560	Surprise,Hindi
907248115744260096	Sadness,Mixed
907059395548217344	Sadness,Mixed
906219105530912768	Disgust,Hindi
906093600659738625	Happiness,Mixed
941302262881599488	Happiness,Hindi
941022547549630464	Anger,Hindi
940993212721672192	Happiness,Hindi
940925866669834241	Happiness,Hindi
940265065248260097	Anger,Hindi
940207729985146880	Sadness,Hindi
940097886657716224	Sadness,Mixed
844778542537723904	Happiness,Both
952104231233757184	Sadness,Mixed
951844423586861057	Surprise,Mixed
951828883342422026	Happiness,Hindi
937003368874000384	Sadness,Hindi
936990789350985730	Happiness,Mixed
936530734088470528	Anger,Mixed
936411643361288192	Anger,Mixed
936215695355871232	Sadness,Hindi
935943203001266177	Anger,Hindi
935878021440970752	Sadness,Mixed
935858681232613376	Sadness,Mixed
934727498046173184	Disgust,Mixed
934681137024077830	Happiness,Mixed
910589848322441218	Anger,Mixed
909682079033573379	Surprise,Hindi
909041094616158214	Anger,Hindi
909025191518339072	Sadness,Hindi
908978632768417794	Sadness,Hindi
908924452754178049	Anger,Mixed
908892713017208832	Sadness,Mixed
933002835167346688	Anger,Hindi
932916390897467392	Happiness,Both	Sadness,Hindi
932836985508466688	Sadness,Mixed
932101941034758149	Sadness,Mixed
931445823119826944	Anger,Hindi	Fear,Mixed
931445088663740421	Anger,Mixed
889537870607687684	Happiness,Mixed
888820753071611905	Happiness,Hindi
892235858127933440	Sadness,Mixed	Disgust,Hindi
891169508089511936	Happiness,Mixed
866173229869694976	Surprise,Mixed
865240584319119360	Happiness,Mixed
913749672539197441	Sadness,Hindi	Surprise,Mixed
913450676935548928	Sadness,Mixed
913265026114379776	Happiness,Both
913024259101835269	Sadness,Mixed
913002611229433857	Happiness,English
911661806287855617	Happiness,Mixed
919392133773234176	Sadness,Mixed
919071155952140288	Sadness,Mixed
919039426021462016	Disgust,Mixed
918385836705554432	Happiness,Hindi
918091681223786496	Happiness,Mixed	Surprise,Mixed
917361557436194817	Disgust,Mixed
917237410164965376	Sadness,Hindi
916992676062388224	Sadness,Hindi
916932305972740096	Happiness,Hindi
928181694506549248	Happiness,Mixed	Anger,Hindi
928179957255192576	Sadness,Mixed
926410354309001216	Sadness,Mixed
926303175560388608	Happiness,Mixed
925540823382425600	Sadness,Mixed
875340568662089728	Sadness,Mixed	Disgust,Mxed
875265935321387008	Sadness,Mixed	Anger,Hindi
875195461241634816	Sadness,Mixed
874903167594631171	Happiness,English
874879697473110018	Sadness,Mixed
873920027438841856	Fear,Mixed
873915345689554944	Disgust,Hindi
922433162340327426	Happiness,Hindi
922414753426763776	Happiness,Both
922369797215498240	Sadness,Mixed	Anger,English
921931427775700993	Disgust,Hindi
921364754412666880	Sadness,Mixed
921322882734596096	Fear,Hindi
921017174549938176	Happiness,Mixed
920987897418866693	Anger,Hindi
920870994927001600	Sadness,Hindi	Anger,English
920578360291368961	Sadness,Mixed
920573688747122688	Anger,Mixed
920261997597298688	Sadness,Hindi
920207617577881601	Happiness,Hindi
920189399320555520	Happiness,Hindi
920143755470036992	Sadness,Hindi	Anger,Hindi
919962573117652992	Disgust,Mixed
919794216854630400	Anger,Hindi
887578564463280128	Happiness,Mixed
887505574237270016	Sadness,Mixed
886636660817104897	Happiness,Hindi
886634762953252864	Sadness,Hindi
886531994448015360	Surprise,Mixed
886499701796749312	Happiness,Hindi
886311062944882689	Anger,Mixed
886249487873736704	Anger,Mixed
885775593815650305	Happiness,Mixed
885678157432446977	Surprise,English
885384653502394369	Sadness,Hindi
885322767217938433	Sadness,Mixed
885248274080444417	Sadness,Mixed
916726411099910144	Happiness,Mixed
916661042754834433	Happiness,Hindi
916651080355741696	Anger,Mixed
916572722322300933	Disgust,Hindi	Surprise,Mixed
916371815785627650	Happiness,Both
916321536050569216	Sadness,Mixed
916316264703733761	Anger,Mixed	Surprise,Mixed
916157840602963968	Sadness,Mixed
915985318179831808	Anger,Mixed
915899597490290689	Happiness,Both
915786557549719552	Sadness,Mixed
915514147927769089	Sadness,Hindi
914711743024185346	Sadness,Hindi
914566338093268993	Happiness,Hindi
914565121514471424	Anger,Both
914526959153160195	Sadness,Mixed
914433159759933445	Sadness,Mixed
914432597048016896	Sadness,Hindi
914355385062043648	Happiness,Mixed
914149144117133312	Fear,Mixed
879071185660776450	Sadness,Mixed
879052664440410112	Anger,Mixed
879051802762657792	Anger,Hindi
878867553283702788	Disgust,Mixed
878837985508249600	Sadness,Both
878681732349804544	Fear,Hindi
878609944987148289	Anger,Hindi
878332229570641920	Sadness,Hindi
878267044029911040	Happiness,Both
877941732146532353	Sadness,Hindi	Surprise,Hindi
877930655136481281	Sadness,Mixed	Anger,Hindi
877753084302155776	Sadness,Mixed
877229461367693312	Sadness,Mixed	Anger,Hindi
876850513568034816	Sadness,Mixed
931243545343774720	Anger,Mixed
931042450440781824	Sadness,Hindi	Anger,Hindi
930864438608924673	Sadness,Mixed
930641487292907520	Happiness,Hindi
930508251501752320	Sadness,Mixed
930435965591609344	Sadness,Mixed
930319226774028296	Sadness,Mixed
929978636375015425	Sadness,Mixed
929732720657174528	Happiness,Hindi
929643792201691136	Sadness,Hindi	Disgust,Mixed
929365894907572226	Sadness,Mixed	Anger,Hindi
929332836988960768	Sadness,Mixed
929313732194381824	Anger,Mixed
929288891768610816	Fear,Hindi
929276784771608576	Anger,Hindi
929265984740794368	Sadness,Mixed
929249103975915520	Anger,Mixed
929232702401925121	Surprise,Hindi
929206018592071680	Anger,Hindi
929048056560881664	Surprise,Mixed
929030849080774656	Anger,Hindi
929005523009019904	Happiness,Mixed	Anger,Hindi
928933832631267328	Disgust,Mixed
928845375795900416	Surprise,Hindi
884649329176305664	Anger,Mixed
884096878362607618	Sadness,Mixed
884064999655825408	Anger,Mixed
884057988226441218	Sadness,Mixed
883939594252824576	Fear,Mixed
883911281597722624	Sadness,Mixed
883801188474306560	Anger,Mixed
883725224872558594	Happiness,Both
883685577882652673	Happiness,Hindi
883295214701486081	Sadness,Mixed
883000145612230657	Happiness,Hindi
882968032158507008	Happiness,Hindi
882960967545495552	Anger,Hindi
882929584034816001	Sadness,Mixed
882886823571107840	Sadness,Both
882676946991063041	Sadness,Both
882647844821229568	Sadness,Hindi
882625670299344896	Happiness,English
882583681054978048	Sadness,Hindi
882569008268161024	Anger,Mixed
882267794049347585	Sadness,Mixed
882170685316939776	Happiness,Hindi	Disgust,Mixed
882116428404412416	Happiness,Mixed
881844071689355265	Happiness,Hindi	Sadness,Mixed
881835434640236544	Sadness,Hindi
881830528609120256	Sadness,Mixed
881761721005752320	Sadness,Mixed
881607348858519561	Happiness,Mixed
881576886110900226	Happiness,English
881516236840075265	Sadness,Mixed	Surprise,Hindi
881514268767604736	Sadness,Mixed
881513600946323457	Anger,Mixed
881488296685305856	Sadness,Mixed	Fear,Hindi
881447759089254400	Sadness,Hindi
881437453814448130	Anger,Hindi
881419197175169026	Sadness,Mixed
881387210234310661	Sadness,Mixed
881369055034195968	Anger,Hindi
881330167045599232	Happiness,Hindi
881318006525235201	Sadness,Hindi
881239941723901954	Anger,Mixed
881237582658404352	Sadness,Hindi
881204688388898816	Surprise,Mixed
881185555421200384	Happiness,English
881181416226258944	Sadness,Mixed
881142474957352960	Anger,Mixed
881137813923737600	Sadness,Mixed
881132973906509824	Anger,Hindi
881127496078503936	Sadness,Hindi
881114584098197504	Anger,Hindi	Surprise,Mixed
881093962861207553	Happiness,Mixed
881080715508449281	Sadness,Mixed
881074647709523968	Sadness,Hindi	Disgust,Mixed
881074060574154752	Surprise,Mixed
881068862137085952	Sadness,Mixed
881063864619683840	Happiness,Hindi
881054363149402112	Happiness,Both
881050168946073600	Anger,Mixed	Disgust,Mixed
881049716665925633	Sadness,Mixed
881049341154033664	Anger,Both
881048897409265664	Happiness,English
881040294665269253	Anger,Hindi
881027151956504576	Happiness,Mixed	Surprise,Hindi
881017025317003264	Happiness,Mixed
881013948748673024	Happiness,Hindi
880993028294553600	Sadness,Mixed	Fear,Mixed
880988538539585536	Anger,Hindi
880975278608195584	Disgust,Mixed
880962595485700096	Happiness,Mixed
880888775227961344	Happiness,Mixed
880877319581315073	Sadness,Mixed
880868813335662593	Happiness,Mixed
880867507959201794	Sadness,Hindi	Disgust,Mixed
880864335035121664	Surprise,Mixed
880863871170473984	Happiness,Mixed
880859462902267904	Anger,Mixed
880859513540169728	Happiness,Mixed	Fear,Hindi
880859459656044550	Sadness,Hindi
880857491369861121	Surprise,Mixed
880854377811984385	Sadness,Hindi
880853331136061440	Happiness,Hindi	Anger,Mixed
880852353548603392	Happiness,Mixed
880851717033799680	Surprise,Mixed
880851543246880768	Sadness,Both
880846263213797376	Happiness,Mixed
880845313094950914	Sadness,Hindi
880811215978737665	Sadness,Hindi	Surprise,Mixed
880277683342643200	Anger,Mixed
880056451833647106	Sadness,Mixed
880839799921188864	Happiness,Mixed
880827159023169540	Sadness,Mixed
880824029006974978	Fear,Hindi
880803922629341187	Sadness,Mixed
880783040141819905	Happiness,English	Anger,Hindi
880376556673146880	Happiness,Hindi
880459224433786881	Sadness,Mixed	Surprise,Hindi
880478797681840129	Sadness,Hindi
880500474255986688	Anger,Mixed
880661712717983744	Happiness,Hindi	Fear,Mixed
953040403367940098	Anger,Hindi
953028596330893315	Disgust,Mixed
953015252580417536	Anger,Hindi	Disgust,Mixed
953308877294055424	Anger,Mixed
953005691697901568	Disgust,Mixed
952993174078734336	Sadness,Hindi
952986745833906176	Sadness,Mixed
952984042051268609	Disgust,Hindi
952981540610359296	Disgust,Mixed
952970633738117122	Sadness,Mixed
952970249124458496	Anger,Hindi
952969081497538560	Anger,Hindi	Disgust,Mixed
952969081384308739	Disgust,Mixed
952964664396148737	Sadness,Hindi
952963041431314432	Sadness,Hindi
952962717098397696	Disgust,Mixed
952958214512848896	Sadness,Hindi
952956259417825282	Disgust,Mixed
952952095220658177	Anger,Hindi
952949187007545344	Disgust,Hindi
952947142498443264	Anger,Hindi
952946989729169408	Anger,Mixed
952946298830794752	Sadness,Hindi
952945245095899137	Anger,Hindi
952944822507229184	Sadness,Hindi	Disgust,Hindi
952941567420940289	Sadness,Mixed	Anger,Hindi
952939646006173696	Anger,Hindi	Disgust,English
952939169252196352	Disgust,Hindi
952939099865755650	Sadness,Both
952935032812748801	Sadness,Hindi	Disgust,Mixed
952934074158497792	Sadness,Hindi
952931506015662082	Anger,Hindi	Disgust,Hindi
952928156490588162	Anger,Hindi
952927413494800385	Anger,Hindi
952925437285421056	Sadness,Hindi	Fear,Hindi
952921307431120896	Anger,Hindi
952918560992612352	Surprise,Both
952915266849198080	Anger,Mixed
952914296295522310	Disgust,Hindi
952913796405710849	Sadness,Hindi
952913220196474881	Anger,Hindi
952908630411460608	Sadness,Mixed
952903398206062592	Sadness,Hindi	Disgust,Hindi
952903267696037894	Disgust,Mixed
952902025154613248	Anger,Mixed
952901562917044224	Anger,Hindi
952896784401031172	Sadness,Both
952886499783200769	Sadness,Mixed	Surprise,Hindi
952884900037787655	Anger,Hindi
952882278081941506	Anger,Hindi
952875082728095744	Anger,Mixed
952865277544460288	Anger,Hindi
952859068913340417	Anger,Mixed
952853881616289793	Anger,Mixed
952853206412873729	Disgust,Mixed
952851870283857920	Sadness,Hindi
952849971673317376	Anger,Mixed
952848005664837632	Sadness,Hindi
952844135035269121	Anger,Hindi
952842375843299328	Sadness,Mixed
952840217689391105	Happiness,Mixed	Sadness,Mixed
952838946798448640	Anger,Hindi
952837643510865920	Sadness,Mixed
952831468597796864	Happiness,Hindi	Disgust,Mixed
952829654854918144	Sadness,Hindi	Disgust,Hindi
952804896792809472	Anger,Mixed
952800658759004160	Sadness,Mixed
952787795440934912	Anger,Hindi	Disgust,English
952767452571553794	Anger,Hindi	Disgust,English
952767228495253504	Anger,Mixed
952725167289008128	Anger,Mixed
952719789767589888	Sadness,Hindi	Disgust,Mixed
952687511821869057	Fear,Hindi
952628823228633088	Anger,Mixed
952613045687193600	Sadness,Mixed
952607438930243584	Sadness,Mixed
952586411844104194	Anger,Mixed
952555513736081409	Anger,Hindi
952471295001731072	Sadness,English
952462694010929153	Happiness,Mixed	Sadness,Hindi
952426421141626880	Anger,Mixed
955921516486471680	Sadness,Mixed
955901505688793088	Disgust,Mixed
955900871757520896	Anger,Mixed	Disgust,English
955871560484642816	Sadness,Mixed
955865462289481728	Sadness,Mixed
955862505166786560	Anger,Mixed	Disgust,Hindi
955859752726048768	Anger,English	Disgust,Mixed
955858213202636800	Sadness,Mixed
955852992569229312	Anger,Mixed	Disgust,Hindi
955844790066864128	Sadness,Mixed
955844438927945729	Sadness,Mixed
955841603226054656	Anger,Mixed
955841317107523586	Happiness,Hindi	Disgust,Mixed
955832405797101568	Sadness,Mixed
955832345000665091	Happiness,Both
955779213218365440	Anger,Hindi
955777553129644032	Sadness,Mixed	Anger,Hindi
955749872342155264	Anger,Mixed
955725279896350720	Disgust,Mixed
955717450728787968	Anger,Hindi
955712190719275008	Sadness,Mixed
955701290562039808	Anger,Mixed
955692437044736000	Anger,Hindi
955690060480839681	Sadness,Mixed
955689706519453696	Sadness,Hindi
955689584725127168	Sadness,Mixed
955675410221576192	Anger,Mixed
955668880118042624	Anger,Mixed	Disgust,Hindi
955661243712524288	Anger,Mixed
955588477051060224	Sadness,Mixed
955511895754121216	Anger,Mixed
955510982528319488	Anger,Hindi
955496269656465408	Anger,English
955486843625230336	Anger,Hindi
955459747087507456	Sadness,Hindi
955455938500091904	Sadness,Mixed
955454653713367040	Disgust,Mixed
955447165677023233	Sadness,Mixed
955444505724928000	Anger,Mixed
955441580860583936	Anger,Mixed
955430491217260545	Anger,Mixed
955385024160808960	Anger,Hindi
955353976286752768	Anger,English
955342880268275712	Sadness,Hindi
955342580245520384	Sadness,Mixed
955321364746977283	Sadness,Hindi	Anger,Mixed
955320480008871936	Fear,Mixed	Disgust,Hindi
955319905208840193	Disgust,Mixed
955297069329039360	Anger,Mixed
955291452023611392	Anger,Hindi
955290968814751746	Anger,Mixed
955261838526095360	Sadness,Mixed
955233714362925056	Disgust,English
955160449955217408	Sadness,Mixed
955141206245228545	Sadness,Mixed
955132171131351040	Disgust,Hindi
955130993970577409	Sadness,Mixed
955125864890482688	Anger,Hindi
955117412831002624	Sadness,English
955112648101707776	Anger,Hindi
955102131735879682	Disgust,Hindi
955099878438223877	Happiness,Hindi
955097210982612992	Anger,Mixed
955094880769867779	Disgust,Hindi
955093151340838918	Disgust,Hindi
955065992316575744	Anger,Hindi
955025957311541255	Sadness,Mixed
955024098039545856	Anger,Hindi
955018695297953792	Sadness,Hindi
955008947479486464	Anger,Hindi
954991688933564416	Sadness,Mixed
954924671098535936	Anger,Mixed
954784906009223169	Anger,Hindi
954779687368060928	Sadness,Mixed
954748997947809793	Sadness,Hindi
954745665011122177	Anger,Mixed
954721158003294209	Disgust,Mixed
954653209401815041	Sadness,Mixed
954646020129878016	Sadness,Hindi
954628989313728515	Disgust,Hindi
954612988912156679	Sadness,Both
954607127334653953	Sadness,Mixed
954583079993032704	Anger,Mixed
954570563313328128	Sadness,Hindi
954431272398409728	Anger,Hindi
954419377184522240	Disgust,Hindi
954406546229858304	Disgust,Mixed
954372578637959168	Sadness,Mixed
954344736151744512	Sadness,Hindi
954327938790387712	Anger,Hindi
954323429586436096	Sadness,Mixed
954297321843433472	Anger,Mixed
954276750594162693	Sadness,Hindi
954188547124162561	Surprise,Hindi
954186621024284672	Anger,Mixed
954179386109931520	Sadness,Mixed
954055520863703040	Disgust,Mixed
954045463879090177	Sadness,Hindi
954031040183414784	Sadness,Hindi
954030879638151173	Sadness,Hindi
954022574240878592	Anger,Hindi
954008057280802816	Sadness,Mixed
954007150673592320	Anger,Hindi
953981153546977280	Disgust,Mixed
953950756029239298	Sadness,Hindi
953947752236425217	Surprise,Hindi
953906643250552832	Surprise,Hindi
953883406152052737	Sadness,Hindi	Fear,Hindi
953873817851412480	Sadness,Hindi	Anger,English
953864198810841088	Anger,Hindi
953807182432231424	Disgust,Hindi
953704534542635008	Anger,Hindi	Disgust,Mixed
953678724070699008	Disgust,Mixed
953670267364134912	Happiness,Mixed
953653602299535362	Sadness,Hindi
953642202462171136	Disgust,Hindi
953636683567656960	Surprise,Hindi
953635845667397635	Sadness,Hindi
953626681893314561	Surprise,Mixed
953626629129035776	Sadness,Hindi
953625870215929862	Disgust,Hindi
953623665366638592	Disgust,English
953615830209716225	Anger,Mixed
953608577834393601	Anger,Hindi
953608271759208450	Anger,Mixed
953596990469890048	Disgust,Mixed
953595630085181441	Anger,Hindi
953593108838658048	Disgust,Mixed
953582820210831360	Anger,Hindi
953572373831266304	Disgust,Mixed
953540164864819200	Sadness,Mixed
953537407395143680	Sadness,Hindi
953511741903613952	Sadness,Hindi
953493115888906241	Sadness,Hindi
953455328137396225	Anger,Mixed
953326216601153536	Disgust,Mixed
953318317606936576	Sadness,Hindi
953318043467132928	Anger,Hindi
953259940126195712	Sadness,Mixed
953239670774640640	Sadness,Both
953238032974409739	Anger,Mixed
953206199402532865	Sadness,English	Anger,Hindi
953198604176502784	Sadness,Hindi
953194251902361610	Disgust,Hindi
953186863250137088	Sadness,Hindi
953165723475566592	Disgust,Mixed
953159149088468992	Disgust,Mixed
953124825802858497	Anger,Mixed
953123387399909377	Anger,Mixed
818680976566001664	Disgust,Mixed
824480268815851520	Surprise,Mixed
815463021715845120	Disgust,Mixed
821440446803169280	Anger,Mixed
888331024580661248	Anger,Hindi
887675989798436864	Surprise,Hindi
880132631811153920	Anger,Hindi
945331688070029312	Disgust,Mixed
934832612786311169	Anger,Mixed
934458566366306309	Disgust,Mixed
923565651058352129	Sadness,Hindi
896823258678308864	Sadness,Mixed
924562938676916224	Sadness,Hindi
909834377269354496	Surprise,Hindi
901146282214907904	Anger,Hindi
873290784191238145	Happiness,Mixed
931562777264635904	Anger,Mixed
917319798949863424	Sadness,Mixed
917319222891511808	Sadness,Hindi
866676777103446021	Anger,Hindi
866607819553873920	Disgust,Hindi
871797179521933313	Anger,Mixed
870706089192337409	Happiness,Mixed
870488570359828480	Happiness,Mixed
939497077331058688	Anger,Hindi
936449407070887937	Anger,Mixed	Disgust,Mixed
935581299401564160	Sadness,Hindi
831785828653363200	Disgust,Mixed
830704273939853313	Sadness,Mixed
849630246806671360	Disgust,Mixed
845842610535174146	Happiness,Mixed	Sadness,Hindi
950073300692041728	Disgust,Hindi
854772662375071744	Disgust,Mixed
844048840026210304	Surprise,Hindi
938771374725742594	Sadness,Hindi
853878908944384000	Sadness,Mixed
853833720767238145	Sadness,Mixed
853686195456442368	Disgust,Hindi
853463099982196736	Anger,Mixed
917757756857135105	Sadness,Mixed
929770938618470400	Disgust,Hindi
860060021748584449	Sadness,Hindi
843152444418936832	Happiness,Hindi
842294769371963393	Sadness,Mixed
841472660198572032	Disgust,Mixed
834811416334852097	Disgust,Mixed
834428468624363520	Anger,Mixed
837229729359020034	Surprise,Hindi
840983549884874752	Happiness,Mixed	Sadness,Hindi
840974174260715522	Anger,Hindi
840353441704742914	Sadness,Hindi
858691419636092928	Disgust,Mixed
858566999714168833	Happiness,Hindi
857601883015225345	Sadness,Hindi
857119574709456897	Sadness,Mixed
856806110526922752	Happiness,Hindi	Anger,Mixed
906872917916389376	Sadness,Hindi
906760875687555072	Fear,Mixed
890127181933948930	Disgust,Mixed
890046847313563648	Fear,Hindi
889896688223232001	Sadness,Hindi
889473742039994368	Anger,Hindi
837001868144492550	Happiness,Mixed
836977875727286274	Disgust,Hindi
836976120553738240	Anger,Mixed
836723531278860289	Anger,Mixed
836659006126989312	Sadness,Mixed
836589311160025092	Sadness,Hindi
836456357935083520	Disgust,Mixed
836443735340744704	Sadness,Hindi
836201843558600709	Anger,Mixed
835923859870212097	Anger,Mixed	Disgust,English
835913519363141632	Surprise,Hindi
835532024161017856	Anger,Hindi
835445393072787456	Disgust,Hindi
835102123868082178	Anger,Mixed
835067208485130242	Sadness,Hindi
839058036274548736	Sadness,Hindi
837898226967576578	Sadness,Hindi
837522685651451904	Disgust,Mixed
837502686698344449	Sadness,English	Disgust,Hindi
837384850835296256	Sadness,Both
953834206613917696	Anger,Hindi
862167134750822400	Anger,Mixed
940532463280971778	Sadness,Hindi
940215924237377537	Happiness,English
935083031697678336	Anger,Hindi
934354791462875141	Anger,Hindi
928378792610893825	Happiness,Hindi	Sadness,Hindi
928374678581780480	Sadness,Mixed
928345316495065088	Sadness,Mixed
932449127278960640	Disgust,Hindi
931494107737866246	Happiness,Hindi
921282724702257152	Anger,Hindi
921238796741459968	Fear,Mixed
921234380562898945	Surprise,Mixed
921233184020340736	Anger,Mixed
938353932014780416	Anger,Mixed
937906432510267393	Anger,English
937660566138527744	Anger,Hindi
937542400519663617	Happiness,Mixed
937320945882087425	Sadness,Hindi
928440926594150400	Sadness,Hindi
928442954749898752	Anger,Hindi
928473109325168640	Sadness,Mixed
928474157704028160	Fear,Hindi	Surprise,Mixed
928491893641633792	Sadness,Mixed
928483094457229312	Sadness,Mixed
928529612660817920	Surprise,Mixed
928538777122951168	Sadness,Hindi	Fear,Hindi
928540782880997376	Sadness,Mixed
928556647588315136	Sadness,Hindi
928555626787041283	Disgust,Hindi
928645640686419968	Sadness,Mixed
929176835581132801	Anger,Hindi
937265667387965441	Sadness,Hindi
937264445650120704	Sadness,Mixed
937225799219888128	Sadness,Mixed
937222395269603328	Anger,Mixed
931199916637958145	Disgust,Mixed
931056113872543745	Sadness,Hindi
930723311645990913	Disgust,Mixed
930458197554540545	Disgust,Hindi
929981325385154561	Sadness,Mixed
929954278310940673	Anger,Mixed
929935439242207232	Sadness,Mixed
929729892027117574	Fear,Mixed
929715085399941120	Surprise,Mixed
928566305736806400	Happiness,English
928887102846070785	Sadness,Mixed
929622506746662913	Sadness,Mixed
929621530203512832	Disgust,Hindi
929575095651115008	Sadness,Hindi
929343478919700480	Disgust,Mixed
929300476029313025	Sadness,Mixed
929293703612719104	Sadness,Mixed
929223661021622272	Sadness,Mixed
928981457732714501	Disgust,Hindi
928864256136765440	Sadness,Hindi
928842549015412737	Fear,Hindi
928736143729987589	Surprise,Mixed
928709089399422976	Disgust,Hindi
928622470336102400	Sadness,Hindi
852564242771222528	Disgust,Hindi
852524657081188352	Sadness,Mixed
863010712917913604	Sadness,Mixed
862234161012256768	Anger,Hindi
861863334714454017	Fear,Hindi
856516895779848193	Sadness,Hindi	Surprise,Mixed
856446091478302720	Fear,Mixed
864727050208256000	Happiness,Hindi
864529268360884224	Disgust,Mixed
849559637112311811	Anger,Mixed
815962783586074624	Sadness,Hindi
815648816372260866	Sadness,Hindi
859660239406157824	Disgust,Mixed
859350765323698176	Anger,Hindi
858637397277290496	Disgust,Hindi
903829617655640066	Surprise,Hindi
903685467979341824	Sadness,Hindi
957651522778750977	Happiness,Mixed	Sadness,Mixed
942127329660170240	Anger,English
874581076836065280	Disgust,Hindi
874366888846819328	Sadness,Mixed
873734734257561600	Sadness,Mixed
939160976498114560	Happiness,Mixed	Sadness,Mixed
938075244622888960	Disgust,Hindi
938017343082393600	Disgust,Hindi
937907059357401088	Sadness,Hindi	Disgust,Hindi
932504051526148096	Sadness,Hindi	Fear,Mixed
876856097675632640	Sadness,English
825414497158430721	Surprise,Mixed
823943108761190403	Disgust,Hindi
870966426072494080	Surprise,Mixed
870898152194187264	Sadness,Mixed
865644780612485120	Disgust,Hindi
865597757830168576	Happiness,Hindi
864576807521144833	Happiness,Mixed
864534911155175424	Surprise,Mixed
864521343710134276	Disgust,Mixed
929770420118654977	Sadness,Hindi
929658497259552769	Sadness,Mixed
902935107907895297	Disgust,Hindi
858391890852446213	Happiness,Hindi
946673986800295936	Happiness,Hindi
860544131784900608	Happiness,Mixed
881977230892650496	Happiness,Mixed
881703729082368000	Disgust,Mixed
916666032852393984	Happiness,Hindi	Anger,Hindi
828907459913797632	Disgust,Hindi
828723784031039489	Fear,Hindi
862699891620970496	Sadness,Hindi
861140467026669568	Happiness,Hindi
920832667691581440	Sadness,Mixed
906857776067915777	Happiness,Hindi
827791802090528768	Anger,Mixed
826758195024625665	Sadness,Both
817299994642419712	Happiness,Hindi	Sadness,Mixed
924274512828366848	Happiness,Hindi
922745669252562944	Sadness,Hindi
922529713980973056	Happiness,Hindi
820628450872410112	Sadness,Mixed
832989297615708161	Sadness,Hindi
840169181643493379	Disgust,Hindi
943841945956253697	Sadness,Hindi
897861511229472769	Sadness,Hindi
884391025917263872	Happiness,Hindi	Sadness,Hindi
928002872687566848	Sadness,Hindi
853488326757765120	Sadness,Hindi
917606233632206848	Sadness,Hindi
901021069242359808	Sadness,Hindi
867738098196635648	Sadness,Hindi
844522708746461185	Sadness,Hindi
852440368142585856	Sadness,Mixed
850246529361129473	Anger,Mixed
850244277368012801	Sadness,Mixed
850048367073931264	Disgust,Hindi
850022935532367872	Sadness,Hindi
848963036291387393	Happiness,Hindi	Sadness,Hindi
848784147388780544	Anger,Hindi
847882746131132416	Sadness,Hindi
847882405109170176	Happiness,Hindi
847856688417865728	Happiness,Hindi
847851267221327872	Sadness,English
847762031822426112	Happiness,Mixed
909456464141467649	Happiness,Both
901920366821482496	Happiness,Hindi
901862419353395200	Happiness,Hindi
901835536440057856	Happiness,Both
901834724217307141	Happiness,Hindi
901831724945903616	Happiness,Hindi
901825554084544512	Happiness,Hindi	Sadness,Hindi
901807143464058880	Happiness,Hindi
902588612054704128	Happiness,Hindi
901493667638132737	Anger,Hindi
900738645413380097	Happiness,Hindi
900705568381296640	Sadness,Mixed
900697866360020992	Anger,Mixed
900696054546300929	Disgust,Hindi
900689517308510209	Fear,Hindi
900685403547619328	Anger,Hindi
900684972612214785	Sadness,Hindi
900684897102069760	Happiness,Hindi
900683587246104576	Surprise,Hindi
900681759678791680	Sadness,Hindi
900674830466338816	Anger,Hindi
900674664464121856	Sadness,Hindi
900673967580753920	Happiness,Mixed
900672200012832768	Disgust,Hindi
900667300080218112	Happiness,English
900665771759513601	Sadness,Hindi
900663975318179840	Disgust,Mixed
900661613581148160	Sadness,Hindi
900660538845216769	Anger,Hindi
900652890972237824	Happiness,Mixed
900646570714165249	Happiness,Hindi
900633480966455296	Happiness,Mixed
900628871199903744	Sadness,Mixed
900620863468261377	Sadness,Mixed
900607229153255424	Happiness,Mixed
900606740030341120	Happiness,Hindi
900599345568808960	Anger,Hindi
900598978835734529	Happiness,Mixed
900597382529679360	Anger,Hindi
900596305600274433	Fear,Hindi
900596149102432256	Anger,Mixed
900595572125478912	Disgust,Hindi
900595558745751552	Happiness,Hindi
900594338710700033	Sadness,Hindi
900592411105083392	Happiness,Hindi
900589255730147328	Happiness,Hindi
887988448488964096	Happiness,Both	Anger,Hindi
840416384748265472	Surprise,Hindi
845204502231879680	Anger,Hindi
857468057094107136	Anger,Both
864560942889263104	Sadness,Hindi
848104509528309761	Happiness,Hindi
848049605547872256	Surprise,English
847730235701211137	Happiness,Mixed
944207707116130304	Fear,Hindi
940291510314024961	Happiness,Hindi
843151950434586624	Happiness,Hindi
843149334740942848	Happiness,Mixed
902817030906241024	Disgust,Hindi
902816685589237760	Sadness,Hindi
902816107714764800	Sadness,Hindi
931100979222609920	Disgust,Mixed
919201411539374082	Disgust,Mixed
918538113579851776	Sadness,Mixed
893106579431608321	Sadness,Hindi
898612219696496641	Happiness,Mixed
878558745537785856	Surprise,Hindi
877123588159004673	Happiness,Hindi	Anger,Hindi
927145031537971200	Fear,Mixed
871396363094810624	Happiness,Hindi
870879683197321216	Anger,Hindi
936546187305353216	Sadness,Hindi
936397949126320128	Sadness,Hindi
954290316328108032	Happiness,Hindi
953639174107787264	Sadness,Hindi
832606130765336577	Surprise,Hindi
832492622874759168	Disgust,Hindi
831886716915052546	Sadness,Hindi	Surprise,Mixed
852605178297692161	Fear,Hindi
883398095580549120	Happiness,Mixed	Disgust,Hindi
867386799257247744	Sadness,Hindi
867108550384005120	Sadness,Hindi
866883373293240320	Sadness,Mixed
866875812884209665	Happiness,Hindi
866642092142977024	Sadness,Hindi
874552244976406528	Happiness,Hindi
837838334441451520	Anger,Hindi
836934854369501185	Disgust,Hindi
835700598230044672	Happiness,Hindi	Disgust,English
938511045018243073	Happiness,English
880669432787423233	Happiness,English
879946556971130880	Happiness,Mixed
879337847760859138	Happiness,Mixed
879293489384763392	Sadness,English
900440308068081665	Anger,Mixed
900357335914295296	Sadness,Hindi
900221041569669120	Disgust,Mixed
900044901160697856	Sadness,Hindi
899988461251436544	Fear,Hindi
829525321967771648	Sadness,Mixed
828563757144084480	Happiness,Hindi
827493123219681281	Sadness,Hindi
827402672768589825	Sadness,Hindi
949662088196173824	Anger,Mixed
826892350303543296	Happiness,Hindi
826844087768715264	Happiness,Hindi
825977675986644994	Happiness,Hindi
825594206613745664	Anger,Hindi
948241360234143744	Sadness,Hindi
948082596310847488	Happiness,Hindi
947873049965051905	Happiness,Mixed
823680911623323648	Anger,Both
822655740640972801	Fear,Hindi
822490318033424384	Surprise,Mixed
895836257166741504	Sadness,Hindi
893702011287355392	Anger,Mixed
829752058865545216	Sadness,Mixed
829662257055412224	Sadness,Hindi
827005703239958529	Happiness,Hindi
897655574955008000	Disgust,Mixed
896599195175530496	Sadness,Mixed
888060590131949569	Happiness,Mixed
904390400911147009	Happiness,Hindi
917754174439251968	Anger,Mixed
917081478151815168	Surprise,Hindi
840852884740759552	Happiness,Both
838670505276137473	Sadness,Hindi
838656950770388993	Anger,Hindi
831786013521477633	Surprise,Mixed
830472228152164352	Happiness,Mixed
916746872865267714	Happiness,Mixed
916521655161184256	Happiness,Both
914496686747029505	Happiness,Mixed
893047403196055553	Sadness,Mixed
860830248086249473	Sadness,Mixed
860810217910669312	Sadness,Mixed
930467982878183424	Anger,Mixed
858361659479523328	Sadness,Mixed
858313498258018309	Happiness,Mixed
856571111965736960	Disgust,Hindi
856561221348151296	Happiness,Hindi
856534062479101953	Anger,Hindi
856526385719988226	Happiness,Both
868482606802841602	Happiness,Mixed
867767732548255745	Anger,Both
867677455158571009	Anger,Hindi
835442841509851136	Happiness,Mixed	Anger,Hindi
835398468395012096	Sadness,Mixed
835013802370478080	Sadness,Mixed
833954970198122496	Sadness,Both
833325343654215680	Sadness,Mixed
884848234530656256	Happiness,Both
884306803147776000	Sadness,Mixed
884121758114164736	Sadness,Mixed
884121135951912960	Happiness,Hindi	Anger,Mixed
843382178285211652	Anger,Hindi
843379799494082560	Happiness,HIndi
843370611825168384	Sadness,Mixed
843368345227476992	Sadness,Mixed
843368280614088704	Happiness,Mixed
842321348156252160	Sadness,Both
902099369079447552	Disgust,Mixed
901920366821482496	Happiness,Mixed
901853729544052736	Happiness,Both
900794687472115712	Happiness,Mixed
816711538522390530	Sadness,Mixed
816710891177545728	Happiness,Mixed
816707473285513217	Disgust,Both
816701663411130368	Happiness,Hindi
816698824034893824	Happiness,Mixed
816697944594333701	Surprise,Mixed
816695303491485701	Happiness,Mixed
816694027294830596	Anger,Mixed
816691470333681664	Sadness,Mixed
816689328751423489	Happiness,Both
816688737438535681	Sadness,English	Surprise,Mixed
816687900171599872	Happiness,Mixed
816686846574899200	Happiness,Both
816686711447154689	Happiness,Both
816685954857631746	Surprise,Mixed
816684530891444229	Happiness,English
816683660833394688	Sadness,Both
816682499199877120	Happiness,Hindi
816680992664592385	Happiness,English	Sadness,Mixed
816680535917555713	Sadness,English
816680460268904453	Surprise,Mixed
816680068646924289	Sadness,Mixed
816679377102630912	Sadness,Mixed
816677703558561792	Sadness,Mxed
816677051444981760	Sadness,English
816676389529079809	Happiness,English	Disgust,Mixed
816675403486154752	Sadness,Mixed
816675398310236160	Happiness,English	Sadness,Hindi
816675358921502720	Happiness,Hindi
816675347777327104	Sadness,Mixed
816675031937941504	Happiness,Mixed
816674598909571072	Happiness,English
883271220220776449	Anger,Mixed
882708397577064448	Disgust,Hindi
882642745210400769	Happiness,Mixed
844497083604357120	Sadness,Hindi	Surprise,Mixed
880757336171786240	Happiness,Hindi	Anger,Mixed
880726071791976448	Happiness,Mixed
870555450911150081	Sadness,Mixed
870358089970573312	Sadness,Both
868661190980902912	Sadness,Mixed
955766723432521728	Disgust,Both
874228680293220353	Anger,Mixed
896245547576639488	Sadness,Mixed	Surprise,Hindi
868458273158053888	Anger,Mixed
868438889052164097	Disgust,Mixed
868427207194009600	Sadness,Hindi
835744792797573121	Anger,Mixed
890866896811065346	Sadness,Mixed
890801832116633600	Happiness,English	Anger,Mixed
890554684821327873	Anger,Mixed
890444635524308992	Disgust,Hindi
890419972798902272	Anger,Mixed
890280334377365504	Happiness,Mixed
889741874876923905	Fear,Hindi
949593217824993280	Anger,Hindi
949577463654318081	Anger,English
948558731813437440	Anger,Mixed
947478639469240321	Happiness,Mixed
832559661412909056	Happiness,Hindi
933347709158809600	Happiness,Mixed
916966050578571264	Happiness,Mixed
857839335621615616	Happiness,Mixed
847730235701211137	Happiness,Mixed
901655652954660865	Sadness,Mixed	Surprise,Hindi
920529095208914944	Disgust,Mixed
893858477348724736	Disgust,Mixed
862170826262683649	Sadness,Both
926388442719707136	Sadness,Mixed
840435053180125184	Happiness,Both
840431106419638273	Happiness,Mixed
838653877306064897	Anger,Mixed
827196076423802881	Sadness,Mixed
884700072558170112	Anger,Mixed
906843853579108353	Sadness,Mixed
906544012986896384	Anger,Hindi
863664826127495168	Sadness,Mixed
875922628904710145	Anger,Mixed
843904075460698116	Sadness,Mixed
842991511264526336	Sadness,Hindi
842805763986931717	Happiness,Mixed
842397299242332165	Sadness,Mixed
904044012088074240	Anger,Mixed
902946728562831360	Sadness,Mixed
902897629859864577	Happiness,Hindi
865843965685145600	Happiness,Hindi
864913264257490944	Disgust,Hindi
832510369608368128	Happiness,English	Anger,Hindi
919531966415769601	Anger,Mixed
918029638596571141	Happiness,Mixed
917345664014491648	Surprise,Mixed
848600025328476161	Sadness,Mixed
848444024595808256	Sadness,Mixed
909123460797886466	Happiness,Mixed
886837318128066560	Disgust,Both
886625547446403072	Anger,Mixed
889389121839407104	Sadness,Mixed
888829375541645312	Anger,Mixed
822320655060201473	Happiness,Mixed
855311776203677696	Sadness,Mixed
855116794184425472	Sadness,Hindi
854927320016076800	Happiness,Hindi
898505989778849792	Happiness,Both
898175079921668096	Anger,Mixed
898137581749186560	Happiness,Mixed
898081069316046848	Happiness,Both
949315312859557888	Anger,Mixed
921594702893236224	Sadness,Hindi	Disgust,Mixed
945954410642989057	Happiness,Hindi
871228950193852416	Sadness,Hindi
871097293029523456	Anger,Mixed
824522680019910656	Happiness,Mixed
944086120903491584	Sadness,Mixed
921332496377114624	Happiness,Mixed
921228656944463874	Sadness,Mixed
920966265140908032	Anger,Mixed
886832014942457856	Anger,Mixed
886372352279416833	Anger,Mixed
888397566030884864	Sadness,Mixed
910877253449351169	Happiness,English
888502175474761728	Sadness,Hindi
888337432164184064	Disgust,Hindi
823041749169754112	Anger,Mixed
834956492692418560	Sadness,Mixed
841192167444008960	Sadness,Hindi
885867143430000640	Disgust,Mixed
885079944598081536	Anger,Hindi
884654366157942784	Sadness,Mixed
884379802999730176	Anger,Hindi
883969745070030849	Sadness,Mixed
906123354628775937	Disgust,Hindi
905497743698755585	Sadness,Mixed
904634785213046784	Anger,Mixed
822875498506227712	Anger,Mixed
821735928456736768	Surprise,Mixed
821275094798467072	Sadness,Hindi
821179127193632773	Sadness,Hindi
820974207647424515	Anger,Hindi
820968212238139392	Sadness,Mixed
820967272445595648	Happiness,Hindi
820857857889271808	Anger,Mixed
820605098984280064	Happiness,Hindi
921771347667062784	Surprise,Mixed
921743472297615360	Sadness,Mixed
920424394387726336	Surprise,Mixed
919681980169560064	Sadness,Mixed
911488589434777600	Disgust,Mixed
910837576143060992	Sadness,Hindi
910797850543403008	Happiness,Mixed
909866952914436096	Sadness,Hindi
909671043006046208	Anger,Mixed
909392343555383296	Disgust,Mixed
909357384727973888	Disgust,Mixed
897864080366592000	Anger,Hindi
897718697510490114	Anger,Mixed
897716321470865408	Happiness,Hindi
946714704264626176	Anger,Mixed
828257508640825345	Anger,Mixed
826836372451368960	Surprise,Hindi
915769935577485313	Surprise,Mixed
840532662699741185	Anger,Mixed
840501848318521344	Happiness,Hindi
840498230374875136	Anger,Mixed
840468605019947013	Sadness,Mixed
840435352460546049	Sadness,Mixed
816666845994369024	Sadness,Mixed
954615089465909254	Sadness,Hindi
958340231828262912	Surprise,Hindi
958190802554908675	Sadness,Hindi
958330751610642435	Happiness,Mixed
958176082858921984	Happiness,Hindi
958090811983343616	Happiness,Hindi
950082092213313536	Sadness,Mixed
958100064299204608	Surprise,Mixed
958300252817297408	Sadness,Mixed
960325893603328001	Happiness,Hindi
958188267639209984	Happiness,Both
958192761173348352	Happiness,English
954768769414344704	Surprise,Hindi
958180648191188992	Surprise,Mixed
958108013281202176	Anger,Hindi
952423167158575109	Happiness,Hindi
958225396062855169	Anger,Mixed
958205703705038850	Happiness,Mixed
958094268391804928	Happiness,Mixed
953456066565558272	Happiness,Mixed
958187142932549633	Anger,Mixed
958150880749998081	Happiness,English
958175477130252288	Happiness,Mixed
956896151717920768	Anger,Mixed
958181450725056512	Surprise,Hindi
958107568446066693	Happiness,Hindi
952415520027914240	Sadness,Mixed
958181358714564609	Anger,Mixed
956691886026121216	Happiness,Both
958188059660402689	Sadness,Mixed
962328505282265088	Happiness,Hindi
873858950289960961	Sadness,Mixed
873916173804548096	Sadness,Mixed
962290514623188997	Happiness,Mixed
962366136472944642	Anger,Mixed
952077897589702656	Happiness,Hindi
951314547507417088	Surprise,Mixed
962283113538662401	Fear,Hindi
873977830777991168	Happiness,Mixed
950374469637308417	Anger,Mixed
962292074052698112	Sadness,Mixed
952114191518777344	Surprise,Mixed
962348080870731776	Sadness,Mixed
873917899647238144	Surprise,Mixed
951889249233649664	Surprise,Mixed
944972475925872641	Fear,Mixed
873437028595113984	Happiness,Hindi
950389726514577408	Anger,Hindi
873940824941133824	Happiness,Mixed
949648904869392384	Anger,Mixed
962351840183668736	Anger,Mixed
962351580615004161	Anger,Mixed
952074421140770816	Sadness,Mixed
873852585509355520	Happiness,Mixed
873909502847979520	Happiness,Mixed
949618668400332800	Sadness,Hindi
873891287321243648	Anger,Hindi
962403919874875392	Sadness,Mixed
962412060888961029	Sadness,Mixed
962360719298781185	Happiness,Mixed
873918340439302145	Disgust,Mixed
949204325120860160	Happiness,English
962385377481797632	Anger,Mixed
962366123374141440	Fear,Hindi
950600990977286145	Anger,Hindi
950380300445605889	Happiness,Mixed
949223281923563520	Happiness,Hindi
951120632258871298	Happiness,English
949203605944332288	Fear,Hindi
952125242318532608	Sadness,Hindi
962350342284431360	Happiness,Mixed
962286752428732416	Disgust,Hindi
873931039575494657	Happiness,English
950379951248891904	Anger,Mixed
949280075677024256	Anger,Mixed
962370779009646592	Anger,Mixed
962351670096224256	Anger,Mixed
962352054550302720	Anger,Mixed
949303822865743872	Sadness,Mixed
950413622840262657	Sadness,Hindi
952206105001697281	Sadness,Hindi
952095410364891137	Fear,English
873830023173595136	Happiness,Mixed
873883105819586562	Happiness,Hindi
962417206981218304	Sadness,Mixed
948413354627878919	Surprise,Mixed
874093444490186753	Happiness,Hindi
962415289341304834	Sadness,Mixed
873890181438255104	Happiness,Mixed
949644394558181376	Happiness,Mixed
873835394072276992	Anger,Mixed
940915752374169601	Happiness,Mixed
952117743821709313	Sadness,Hindi
945536690889904128	Happiness,Mixed
962359634249093120	Sadness,Mixed	Disgust, 
874216185713180672	Sadness,Hindi
952153253373886464	Sadness,Mixed
873925031746785280	Sadness,Mixed
962411516090769408	Surprise,Mixed
873847242108542976	Sadness,Mixed
962407649559109638	Happiness,Mixed
873816532811476992	Happiness,Mixed
818895136482414592	Anger,Hindi
840435053180125184	Happiness,Both
840431106419638273	Happiness,Mixed
838944598940508160	Sadness,Mixed
827196076423802881	Sadness,Mixed
884700072558170112	Anger,Mixed
907879910718439424	Happiness,Mixed
906544012986896384	Anger,Mixed
906034956601745408	Sadness,Mixed
863664826127495168	Sadness,Mixed
862379559819268096	Anger,Mixed
862051355514490880	Happiness,Mixed
844259794508640257	Sadness,Mixed
842713564662050816	Sadness,Mixed
842397299242332165	Sadness,Mixed
872394923135381508	Happiness,Mixed
905088656259538948	Sadness,Mixed
904044012088074240	Happiness,Mixed
903095062770343936	Sadness,Mixed
865843965685145600	Happiness,Hindi
864913264257490944	Disgust,Hindi
832510369608368128	Anger,Mixed
918029638596571141	Happiness,Mixed
848444024595808256	Sadness,Both
910861597752430594	Sadness,Mixed
886837318128066560	Anger,Mixed
886625547446403072	Sadness,Both
889389121839407104	Sadness,Mixed
888829375541645312	Anger,Mixed
855686020016349184	Sadness,Mixed
855311776203677696	Sadness,Mixed
855116794184425472	Sadness,Mixed
854927320016076800	Happiness,Hindi
860058916817747968	Anger,Hindi
859078278446895104	Sadness,Hindi
949315312859557888	Anger,Hindi
921594702893236224	Anger,Hindi
921594189774667776	Disgust,Hindi
954720614765412352	Disgust,Hindi
954158338777931776	Sadness,Hindi
953981392269922304	Disgust,Hindi
953361560956579840	Anger,Hindi
926260382053756928	Happiness,Hindi
926258125606227968	Happiness,Hindi
938116056886919169	Sadness,Hindi
938012549861146624	Happiness,Hindi
931043003619164160	Happiness,English
929417774388129794	Sadness,Hindi
929338343539728389	Sadness,Hindi
929211223282917377	Fear,Hindi
948392214262038528	Sadness,Hindi
948067387013611520	Anger,Hindi
948061206832705538	Anger,Mixed
944608656342913024	Anger,Hindi
944599857032871936	Anger,Hindi
944598935842066432	Anger,Hindi
944597834120048640	Anger,Hindi
944597410801524736	Anger,Hindi
944033428827025408	Sadness,Hindi
826111359502970880	Sadness,English
825620096403910656	Happiness,Mixed
825619768342245381	Anger,Hindi
825589937705779200	Anger,Mixed
825589901479534592	Happiness,English
825587157544734720	Sadness,Hindi
825586589782904834	Anger,Mixed
825586259569496064	Sadness,Hindi
825586184537702400	Happiness,Hindi
825583566373449728	Sadness,Hindi
835995536897404932	Sadness,Hindi
835815337207586816	Sadness,Hindi
835814732779003906	Sadness,Mixed
835812905798914048	Anger,Mixed
835782405386469376	Anger,Hindi
835739597707497472	Sadness,Hindi
835712438322479104	Sadness,Mixed
931928952028905472	Sadness,Mixed
931926368085884928	Anger,Mixed
869029052119691265	Sadness,Hindi
868743299607044096	Sadness,Hindi
868738194669436928	Happiness,Hindi
868737921142149120	Happiness,Mixed
868708165541560320	Anger,Mixed
868508088713850881	Disgust,Hindi
868374141023305728	Anger,Hindi
858704438944567297	Sadness,Mixed
858591366066061312	Happiness,Hindi
858570996223283200	Sadness,Mixed
858569011684151296	Fear,Hindi
858519444364161024	Sadness,Mixed
912071489704398848	Sadness,Mixed
912010107075964928	Sadness,Hindi
911924313749463041	Sadness,Hindi
911923339597201408	Sadness,Hindi
911917753442828295	Sadness,Hindi
911913917466550272	Anger,Hindi
911892559181393921	Anger,Mixed
911879938092843008	Anger,Mixed
911868745152212992	Sadness,Mixed
911857355570135040	Happiness,Hindi
911857170274119680	Sadness,Mixed
911854779411959808	Sadness,Mixed
911842626394927104	Anger,Hindi
911841121751273477	Anger,Both
911840011741364224	Anger,Hindi
911839679217000449	Surprise,Mixed
911826937571450880	Sadness,Mixed
911825178627235840	Sadness,Mixed
911820364430192641	Anger,Mixed
911633132104818688	Sadness,Mixed
902160298756366337	Anger,Mixed
901783787712811008	Anger,Mixed
901780461466279936	Anger,Hindi
845919124924485632	Anger,Hindi
845912696298098689	Sadness,Mixed
845912434460311552	Sadness,Mixed
845910942936289281	Happiness,Mixed
845898456774463488	Happiness,Mixed
845880044794892288	Anger,Mixed
845880032748810241	Sadness,Hindi
845853512433090562	Anger,Hindi
845707947305041921	Sadness,Mixed
845315434463186944	Happiness,Hindi
934734164586242048	Anger,Hindi
934658513921380352	Sadness,Mixed
934545437570220032	Anger,Hindi
891578708171075584	Happiness,Hindi
891503727139581952	Sadness,Mixed
891465595371343873	Anger,Mixed
891320808576086020	Sadness,Hindi
848020695032320000	Happiness,Both
917429459996700672	Anger,Hindi
844185067308113920	Anger,Mixed
923601997470711808	Happiness,Mixed
898186575887990784	Anger,Mixed
876470987855933441	Sadness,Mixed
876344382953095168	Anger,Mixed
932961438901067776	Fear,Mixed
869807833616859136	Fear,Mixed
868772582698344448	Happiness,Hindi
852774743421861891	Disgust,Mixed
851469664756523008	Anger,Hindi
884770177358864384	Anger,Mixed
832945076363984898	Happiness,Both
832586291875241984	Anger,Mixed
865254723577929729	Anger,Hindi
848887903887523840	Disgust,Mixed
816866899984195584	Sadness,Hindi
824200214634438656	Happiness,Mixed
836860222274682880	Sadness,Mixed
836849609653780481	Anger,Mixed
840060443032936449	Disgust,Mixed
872708608332640256	Disgust,Mixed
872036735097516032	Sadness,Mixed
871431698927370241	Happiness,Mixed
871430433396764672	Surprise,Mixed
871427258677952512	Sadness,Mixed
871421928975761409	Happiness,Mixed
871421651555975168	Happiness,Mixed
871373972243402752	Sadness,Mixed
961257084913205248	Happiness,Mixed
960511250017873921	Anger,Mixed
826630518599012352	Anger,Hindi
825922148334178305	Sadness,Hindi
963356847070744576	Anger,Hindi
858236599645163520	Disgust,Mixed
857866436273897472	Anger,Mixed
857596506655817730	Anger,Mixed
856722284626817024	Fear,Hindi
829987905951129600	Anger,Mixed
828542970165129216	Anger,Mixed
834799702126297088	Anger,Mixed
834689933583450112	Anger,Hindi
834476516184641537	Anger,Mixed
880722165880020992	Anger,Both
913627575536164864	Anger,Both
946234197139525632	Disgust,Mixed
945852083814535168	Happiness,Mixed
945826048767397888	Anger,Mixed
859990274721886209	Surprise,Hindi
859852812968120320	Anger,Hindi
859625008586526720	Happiness,Hindi
859515049102069760	Fear,Hindi
859336451988758528	Disgust,Hindi
859321041461534721	Happiness,English
859319161524289537	Disgust,Hindi
859068860011556864	Disgust,Hindi
859052672338579457	Sadness,Hindi
858965833317576708	Disgust,Hindi
858582100412334080	Anger,Hindi
867013016243511297	Anger,Hindi
955496315995152384	Disgust,Hindi
955494755135193089	Happiness,English
955481792588390400	Surprise,Hindi
955473506011004928	Happiness,Hindi
955465082799976448	Happiness,Both
manishgrover26	Sadness,Hindi
lophailgyaraita	Happiness,Mixed
krishganwani	Anger,Hindi
manojku45811825	Anger,Hindi
sohailscool786	Anger,Both
MANISHK90336236	Anger,Mixed
somu_23in	Disgust,Mixed
santravendor	Anger,Hindi
yeh_kya	Surprise,Hindi
yeh_kya	Disgust,Hindi
SAMsneha22	Happiness,Mixed
mitbarnwal	Disgust,Hindi
ComedianZubair	Happiness,Hindi
keshri70	Surprise,Mixed
YashRami7	Surprise,Mixed
said_Akhan	Anger,Hindi
tarunjain9893	Anger,Hindi
Bawandar_naina	Fear,Hindi
Sharmajitravl	Disgust,Hindi
MadhurDubey03	Sadness,Mixed
ShrutiRedFm	Sadness,Hindi
impathans	Disgust,Hindi
jatt_buddhi	Disgust,Hindi
vatsalparmar193	Anger,Mixed
ravivyas9035	Disgust,Hindi
ZaphyrH	Happiness,Hindi
Bhanoo6	Sadness,Hindi
shufta20	Sadness,Mixed
iDilip23	Anger,Hindi
ThePorcupine5	Anger,Hindi
Whistle_Bajaa	Happiness,Hindi
niviTweets_	Disgust,Hindi
logical_soch	Anger,Mixed
logical_soch	Anger,Hindi
873281249103806464	Sadness,Hindi
817749315691094016	Sadness,English
938649442193850368	Anger,Hindi
939744203751305216	Surprise,Mixed
rajeshb1590	Anger,Hindi
ImLaduu	Anger,Mixed
Brillian_gaurav	Sadness,Hindi
donxai84	Disgust,Mixed
manishk56763615	Disgust,Hindi
anant0743	Anger,Mixed
tagged_ash	Sadness,Hindi
RoflGandhi_	Disgust,Hindi
shekharmalik	Happiness,Mixed
piyushsaini03	Sadness,Mixed
imranraza22	Anger,Hindi
868722773161594880	Anger,English
859302627129135104	Happiness,Hindi	Anger,Mixed
905311571567665152	Happiness,Mixed
954027478036729856	Anger,Mixed
837289908540690432	Sadness,Mixed
831730835678253056	Sadness,Mixed
903266499837575168	Happiness,Mixed
856734014501269504	Sadness,Mixed
856622923183816704	Sadness,Hindi
855103987661635586	Anger,Both
909819826650046464	Anger,Mixed
949329388373393409	Sadness,Mixed
949147819809546241	Sadness,Mixed
933198954891636736	Anger,Both
915288440392077312	Happiness,English
818503228178530305	Happiness,Mixed
872705517180903424	Happiness,Hindi
872293678517112832	Surprise,Mixed
872118187759816704	Anger,Hindi
872104065991286792	Anger,Mixed
871998253746839558	Sadness,Hindi
826281530871967744	Anger,Hindi
826261834512605184	Sadness,Mixed
826074195423481856	Surprise,Mixed
826069576773419010	Anger,Hindi
826063448010260481	Sadness,Mixed
826014263990853632	Anger,Mixed
932117236524781574	Happiness,Hindi
931937675426197505	Happiness,English	Sadness,Hindi
939002462962302977	Sadness,Mixed
937375691619778560	Surprise,Hindi
928455318329110529	Anger,Hindi
928330551815106560	Sadness,Hindi
927828558419869696	Surprise,Mixed
927798504939929600	Anger,Hindi
926858266247708672	Sadness,Mixed	Disgust,English
829909947253010433	Sadness,Hindi
829720828174536704	Happiness,Mixed
JRM423	Surprise,Mixed
Sachingla	Anger,Hindi
IsTruthDead	Surprise,Mixed
dadakondke5	Disgust,Mixed
vikasch89333617	Anger,Mixed
Prerna88084317	Sadness,Hindi
TheNumarry	Anger,Mixed
vipin911	Sadness,Mixed
vikasch89333617	Anger,Mixed
kdsarda	Anger,Mixed
Arun2981	Anger,Hindi
Lakshay_Nanda	Sadness,Mixed
mukeshkaps	Anger,Mixed
851781561200648192	Anger,Hindi
862185365985259520	Anger,Hindi
860757042595848192	Surprise,Hindi
951836114276384770	Happiness,Hindi
880312695613923329	Anger,Hindi
887567998067671042	Sadness,Hindi
886573944848867329	Happiness,Hindi
885728872456638464	Sadness,Mixed
881799712113737729	Sadness,Hindi
900274153734811648	Disgust,Mixed
898821309534052352	Anger,English
934734306374807553	Fear,Mixed
932867729815584769	Happiness,Mixed
932134124281720835	Happiness,Mixed
931556298600022016	Sadness,Mixed
920553700539502593	Happiness,Hindi
917484220414550016	Surprise,Mixed
840480186193723392	Happiness,Mixed
834768996536811520	Happiness,Hindi	Sadness,Hindi
834466266043863048	Happiness,Mixed
824861408932212736	Anger,Mixed
824861408932212736	Surprise,Mixed
907475916657385472	Disgust,Mixed
906829537060589568	Surprise,Mixed
817656882529730564	Sadness,Mixed
816128689863725056	Anger,Mixed
930766053075910657	Sadness,Mixed
928831369160962048	Anger,Mixed
928298077647093760	Happiness,Hindi
928194917020573696	Happiness,Mixed
927769546194272257	Happiness,Hindi
927139846103080965	Happiness,Hindi	Sadness,Mixed
889584516012032000	Happiness,Hindi
890986284101054465	Disgust,Hindi
837006643258933256	Disgust,Both
875599519718625281	Sadness,Both
909827164064718848	Surprise,Mixed
844770391922900993	Sadness,English
871117797765591045	Sadness,Hindi
951750036953620480	Anger,Mixed
840493407478919169	Happiness,Mixed
870208216239681538	Anger,Mixed
828704858962280449	Anger,Mixed
851012558446264320	Sadness,Mixed
866866709738770432	Sadness,Mixed
856888888337481728	Sadness,Hindi
854723710145703937	Sadness,Mixed
858374286960189440	Anger,Mixed
858371208194273280	Disgust,Mixed
854213328926801920	Anger,Mixed
853899673047887872	Sadness,English
847474266668793856	Sadness,Mixed
847468844058763265	Disgust,Hindi
932985754409504769	Disgust,Hindi
865120937439625216	Anger,Mixed
865079259534176256	Happiness,English
936683103732482048	Disgust,Hindi
863054451912974337	Surprise,Mixed
862730535705219072	Anger,Mixed
862641686303969280	Anger,Mixed
862635109152935936	Anger,Hindi
900527654314496004	Sadness,Mixed
947167889978572800	Anger,Mixed
946735902016942080	Anger,Mixed
946647287421288448	Sadness,Hindi
946470520228216832	Sadness,Mixed
946466754976366592	Sadness,Hindi
864426839804071942	Happiness,Hindi
900274153734811648	Sadness,Mixed
899244623520043009	Anger,Mixed
939393490064199680	Happiness,Mixed
939119234113613824	Sadness,English	Disgust,Hindi
938710434718162944	Disgust,Both
937593225140887553	Sadness,Hindi
895924826258366464	Fear,Hindi
951051128992546817	Anger,Hindi	Surprise,Hindi
948802830420164609	Happiness,English
904270250190835712	Sadness,Hindi
847455157285658624	Disgust,Mixed
946464607081607169	Happiness,Mixed
946464607081607169	Happiness,Mixed
906871136369074178	Fear,Mixed
942674101440724992	Happiness,Mixed
940524430580531200	Sadness,Mixed
940480109923811330	Happiness,Mixed
940458364722483203	Happiness,Mixed
846980916761251840	Surprise,Mixed
954037402309406721	Sadness,Mixed
952135169376481286	Anger,Mixed	Disgust,Mixed
936545679865872384	Sadness,Mixed
936536458529202177	Happiness,Hindi
935038178775330816	Anger,Mixed
910413399531585537	Surprise,Both
910188535700959232	Happiness,English
909326447352909829	Sadness,Mixed
934125866287804416	Sadness,Mixed
931556298600022016	Sadness,Mixed
931389329309437953	Disgust,Mixed
891393156989632512	Surprise,Mixed
912380595656843265	Sadness,Hindi
911463667866071040	Happiness,Mixed
919090564703846400	Sadness,Hindi
917359641662599169	Sadness,Mixed
928192143209914369	Fear,Mixed
926121940531720192	Sadness,Mixed
925651904645931008	Anger,Mixed
875610230515654659	Surprise,Mixed
874250201099358208	Sadness,Mixed
921817625247629312	Anger,Mixed
921425927946452992	Anger,Hindi
921417799238500352	Anger,Mixed
921279822969446400	Sadness,Mixed
920566521729925120	Anger,Mixed
920544555098816512	Anger,Mixed
916670684205506561	Happiness,Mixed
916670684205506561	Sadness,Mixed
916642028720496641	Sadness,Mixed
916629162026291202	Happiness,Mixed
916334588946825216	Happiness,Mixed
916312298037248001	Sadness,Mixed
915981892226244608	Surprise,Mixed
915572681856106496	Sadness,Hindi
878160989610311681	Anger,Mixed
878129547555647488	Sadness,Mixed
877895319446540288	Sadness,Hindi
877064319166332929	Anger,Mixed
876855081215205377	Anger,Mixed
930860365021188096	Anger,Hindi
930855687898390528	Anger,Hindi	Disgust,Mixed
929949523669000192	Sadness,Mixed
929289816772034560	Anger,Hindi	Surprise,Hindi
929281800613924864	Disgust,Hindi	Surprise,Mixed
929173222074941440	Sadness,Mixed
929027566169501697	Happiness,Both
928648768332767233	Happiness,Mixed
928645778528124928	Sadness,Mixed
884125388510699520	Anger,Mixed
884068608485314560	Sadness,Mixed
883736508741689345	Anger,Mixed
883731359726002176	Sadness,Mixed
883022662259404802	Anger,Hindi
882300487286099970	Anger,Mixed
882085620775911424	Anger,Mixed
881769798819921920	Sadness,Hindi
881427969792659456	Sadness,Mixed
881416643762544640	Happiness,Mixed	Anger,Hindi
881364480860368896	Sadness,Mixed
881218576182464512	Anger,Mixed
881204896057499648	Happiness,Mixed
881201066477363201	Anger,Hindi	Disgust,Mixed
881193833467330560	Sadness,Mixed
881188066060230662	Surprise,Hindi
881156568468905984	Sadness,Mixed
881149681610477568	Sadness,Mixed
881136699551629312	Sadness,Hindi
881108047606587393	Sadness,Mixed
881039750261424129	Happiness,Hindi
881028333542047744	Anger,Mixed
881013424355815424	Surprise,Mixed
881006028678078464	Happiness,Mixed
881003601853677570	Sadness,Mixed
880988587457687552	Happiness,Mixed
880983795859681281	Happiness,Mixed
880920789368918016	Happiness,Mixed
881178901862592513	Happiness,Mixed	Surprise,Mixed
880862024707837952	Disgust,Mixed
880862024657502208	Happiness,Hindi
880858965499826176	Anger,Mixed
880857459216138240	Sadness,Mixed
880857252315496449	Anger,Hindi
880854809930235905	Sadness,Mixed
880851373276807169	Anger,Mixed
880849685677604864	Sadness,Hindi
880818363219443712	Happiness,Mixed	Surprise,Hindi
879563100151664640	Surprise,Hindi
880304820707614720	Happiness,Mixed	Anger,Hindi
880827121043517441	Sadness,Mixed
880806919803416576	Disgust,Hindi
880784655095549952	Anger,Mixed
880712262373322752	Surprise,Hindi
879739753951789056	Sadness,Hindi
880382994527260672	Anger,Mixed
880563751694417920	Anger,Mixed
880654699439038464	Happiness,Mixed
953020057197555712	Anger,Hindi
952982094111637504	Anger,Mixed
952976494866849792	Anger,Mixed
952975800885657600	Anger,Hindi
952952104330473473	Fear,Mixed
952944130581131264	Sadness,Mixed
952932701715161088	Anger,Mixed
952924184803504129	Anger,Mixed
952904634003173376	Sadness,Hindi
952902537660846081	Sadness,Hindi
952895137214029825	Sadness,Hindi
952881630875672578	Sadness,Hindi
952880724947845120	Anger,Mixed
952880547428216832	Sadness,Hindi
952832785529569281	Sadness,Mixed
952617994101772288	Disgust,Hindi
952609399834587136	Sadness,Hindi
952588186324058112	Anger,Mixed
952472419045814273	Anger,Hindi
952471354992766976	Sadness,Mixed
952466632663691264	Anger,Hindi	Surprise,Mixed
952320947012427776	Anger,Mixed
955902308155559936	Anger,Mixed
955840555430236161	Anger,Mixed
955814595377025024	Sadness,Hindi
955754304421408768	Sadness,Mixed	Surprise,Mixed
955735507069108224	Anger,Mixed
955749865262276608	Anger,Mixed
955713154704490496	Sadness,Hindi
955709542158958592	Anger,Hindi
955701067995537408	Sadness,Mixed
955689475216105472	Anger,Mixed
955668849789083649	Disgust,English
955662429156855808	Sadness,Hindi
955516135272726528	Fear,Hindi
955456146554347520	Sadness,Mixed
955441551034875905	Sadness,Hindi
955429644819251200	Anger,Mixed	Disgust,Mixed
955354977244975104	Sadness,Mixed
955325641695535104	Anger,Mixed
955138677130145792	Sadness,Both
955080971010818048	Sadness,Mixed
955022319553933314	Happiness,Mixed
954996075261079552	Disgust,Mixed
954953173847851008	Sadness,Hindi
954942630105726976	Anger,Mixed
954805264011546624	Sadness,Mixed
954653957908971521	Sadness,Hindi
954574862818799616	Sadness,Hindi
954453225926742016	Happiness,Mixed
954372088177070081	Sadness,Hindi
954365273905115137	Surprise,Hindi
954358187955646464	Sadness,Mixed
954313939365519361	Sadness,Mixed
954255244279529472	Sadness,Hindi
954041547170897920	Sadness,Mixed	Surprise,Mixed
953883649828536320	Anger,Mixed
953867054431461376	Fear,Hindi
953865347567882240	Anger,English
953679780599152640	Disgust,Both
953668662086590466	Sadness,Hindi
953653362112655363	Disgust,Hindi
953651634600488960	Surprise,Hindi
953522691406876673	Fear,Hindi
953492493592444928	Anger,Mixed
953492493592444928	Disgust,Mixed
953360891931607040	Disgust,Hindi	Surprise,Hindi
878691291281764352	Sadness,Mixed
933392732009259009	Anger,Hindi
922177881438130178	Surprise,Hindi
910907820656259072	Disgust,Hindi
910447877830225920	Sadness,Mixed
866933628013486080	Disgust,Mixed
830504621936349185	Anger,English
849656357225496577	Disgust,Mixed
949350561773531136	Sadness,Hindi	Disgust,Hindi
904272229835333632	Happiness,Hindi
954792942496960512	Disgust,Mixed
954774176027484161	Anger,Mixed
954774176027484161	Sadness,Mixed
954561670398930944	Surprise,Mixed
837286458339663872	Disgust,Hindi
839741418771890176	Anger,Mixed
950594642864635907	Anger,Hindi
911647813037121536	Anger,Hindi
906769401625534464	Happiness,Hindi
836670181204185088	Sadness,Hindi
836177360886067200	Disgust,Mixed
839152741020749830	Anger,Hindi
837911705019637760	Sadness,Mixed
956209677108330496	Anger,Hindi
949191650584150016	Sadness,Hindi
936246772158021632	Sadness,Mixed
928346406061973504	Disgust,Hindi
932953243373785088	Anger,Mixed
931370652614803456	Sadness,Mixed
921270718481842176	Disgust,Hindi
921241804447424512	Sadness,Hindi	Disgust,Hindi
921235463104471042	Fear,Mixed
938134076455665664	Sadness,Hindi
937657709087694848	Sadness,Hindi
937645353523822592	Sadness,Hindi
928441226855985152	Disgust,Hindi
928459554282545153	Disgust,Hindi
928514997684228096	Sadness,Hindi
928633668922306562	Sadness,Hindi
928655355684339712	Anger,Mixed
937278049271341056	Sadness,Hindi
930838584864653312	Sadness,Hindi
930694668584652800	Sadness,Hindi
930050269395615745	Sadness,Hindi
930033755959410688	Sadness,Hindi
928994560440614912	Sadness,Hindi
928944111846957056	Happiness,Mixed
928824001975148545	Happiness,Hindi
928780688094048256	Sadness,Hindi	Disgust,Mixed
928697801667616768	Disgust,Hindi
928697801667616768	Disgust,Both
928680187503321088	Fear,Hindi
858406670187208704	Happiness,English
865947433146228736	Sadness,Hindi
849017176958828548	Sadness,Hindi
846748110562971648	Happiness,Mixed	Sadness,Hindi
876702360856174592	Happiness,Hindi
901177501048872960	Anger,Hindi
899572268451348480	Anger,English
926817596984279042	Disgust,Hindi
879375677102968832	Sadness,Hindi
939785416856649728	Happiness,Hindi	Sadness,Mixed
875332993103011846	Happiness,Hindi
874322020724609024	Disgust,Hindi
893447623306342400	Sadness,Hindi
937978230719385600	Happiness,Hindi	Sadness,Hindi
937872562645762049	Sadness,Hindi
937664457009913862	Happiness,Hindi	Sadness,Hindi
878492665720918016	Sadness,Hindi
878293860928978949	Disgust,Hindi
825194344944541697	Sadness,Hindi
823939729905348608	Surprise,Hindi
894868334075707392	Sadness,Mixed
869593664011595776	Happiness,Hindi
874322020724609024	Disgust,Hindi
868718645832110080	Anger,Mixed
865643936248774658	Sadness,Mixed	Anger,Hindi
865195259051028480	Sadness,Hindi	Disgust,Hindi
931838926226055169	Happiness,Mixed
931404438954156032	Happiness,Mixed
931379726651858945	Sadness,Hindi
930814872727699458	Sadness,Mixed
930381768699473920	Sadness,Hindi
952097161252028416	Sadness,Hindi
857919774315212800	Fear,Hindi
873205173421658112	Sadness,Hindi
871757141844959232	Disgust,Hindi
945940423519830016	Anger,Hindi
860905044350091265	Happiness,Hindi
860834170477707265	Happiness,Hindi
860558623621107712	Anger,Mixed
883641292416311296	Sadness,Hindi
916726837329272832	Sadness,Hindi
830314444550868992	Happiness,Hindi
829000914887401473	Happiness,Hindi
861219083089584130	Happiness,Hindi	Sadness,Hindi
921440671252209667	Sadness,Hindi
920884916937617408	Happiness,Hindi
924191584672870400	Fear,Hindi
832945085125947395	Sadness,Mixed
832292523586498561	Sadness,Mixed
942739784203513858	Sadness,Hindi	Surprise,Hindi
909740166981468160	Sadness,Mixed
909248551737163776	Surprise,Hindi
898385061438935041	Surprise,Mixed
905893045979160577	Surprise,Mixed
948570620442304512	Sadness,Hindi
886245037142626304	Anger,Hindi
817964463928332288	Happiness,Hindi
929390057810620417	Happiness,Hindi	Sadness,Mixed
928260109540536320	Happiness,Hindi
927931472589103104	Sadness,Hindi
927580623748841472	Sadness,English
956169670536540160	Happiness,Hindi
956169670536540160	Happiness,Mixed
855116604065157120	Happiness,Mixed
853433410341265411	Sadness,Hindi
853430301305057280	Fear,Hindi
919179896437350401	Anger,Mixed
917581202327867392	Sadness,Hindi
837340166234632194	Sadness,Hindi
900765222717210624	Anger,Hindi
900694790328655873	Sadness,Hindi
866363454663172096	Happiness,Hindi
866326547644514304	Sadness,Hindi
888304810822438912	Surprise,Hindi
889910668782186497	Sadness,Hindi
847865070369599488	Sadness,Hindi
847768573783289856	Happiness,Hindi	Sadness,Hindi
847505050641375234	Happiness,Hindi
847447787881070592	Anger,Hindi
847143219754389504	Sadness,Mixed
926817596984279042	Disgust,Hindi
879375677102968832	Sadness,Hindi
939785416856649728	Happiness,Hindi	Sadness,Mixed
875332993103011846	Happiness,Hindi
874322020724609024	Disgust,Hindi
893447623306342400	Sadness,Hindi
937978230719385600	Happiness,Hindi	Sadness,Hindi
937872562645762049	Sadness,Hindi
937664457009913862	Happiness,Hindi	Sadness,Hindi
878492665720918016	Sadness,Hindi
878293860928978949	Disgust,Hindi
825194344944541697	Sadness,Hindi
823939729905348608	Surprise,Hindi
894868334075707392	Sadness,Mixed
869593664011595776	Happiness,Hindi
874322020724609024	Disgust,Hindi
868718645832110080	Anger,Mixed
865643936248774658	Sadness,Mixed	Anger,Hindi
865195259051028480	Sadness,Hindi	Disgust,Hindi
931838926226055169	Happiness,Mixed
931404438954156032	Happiness,Mixed
931379726651858945	Sadness,Hindi
930814872727699458	Sadness,Mixed
930381768699473920	Sadness,Hindi
952097161252028416	Sadness,Hindi
857919774315212800	Fear,Hindi
873205173421658112	Sadness,Hindi
871757141844959232	Disgust,Hindi
945940423519830016	Anger,Hindi
860905044350091265	Happiness,Hindi
860834170477707265	Happiness,Hindi
860558623621107712	Anger,Mixed
883641292416311296	Sadness,Hindi
916726837329272832	Sadness,Hindi
830314444550868992	Happiness,Hindi
829000914887401473	Happiness,Hindi
861219083089584130	Happiness,Hindi	Sadness,Hindi
921440671252209667	Sadness,Hindi
920884916937617408	Happiness,Hindi
924191584672870400	Fear,Hindi
832945085125947395	Sadness,Mixed
832292523586498561	Sadness,Mixed
942739784203513858	Sadness,Hindi	Surprise,Hindi
909740166981468160	Sadness,Mixed
909248551737163776	Surprise,Hindi
898385061438935041	Surprise,Mixed
905893045979160577	Surprise,Mixed
948570620442304512	Sadness,Hindi
886245037142626304	Anger,Hindi
817964463928332288	Happiness,Hindi
929390057810620417	Happiness,Hindi	Sadness,Mixed
928260109540536320	Happiness,Hindi
927931472589103104	Sadness,Hindi
927580623748841472	Sadness,English
956169670536540160	Happiness,Hindi
956169670536540160	Happiness,Mixed
855116604065157120	Happiness,Mixed
853433410341265411	Sadness,Hindi
853430301305057280	Fear,Hindi
919179896437350401	Anger,Mixed
917581202327867392	Sadness,Hindi
837340166234632194	Sadness,Hindi
900765222717210624	Anger,Hindi
900694790328655873	Sadness,Hindi
866363454663172096	Happiness,Hindi
866326547644514304	Sadness,Hindi
888304810822438912	Surprise,Hindi
889910668782186497	Sadness,Hindi
847865070369599488	Sadness,Hindi
847768573783289856	Happiness,Hindi	Sadness,Hindi
847505050641375234	Happiness,Hindi
847447787881070592	Anger,Hindi
847143219754389504	Sadness,Mixed
909629251409911810	Happiness,Hindi
909419169644449793	Surprise,Hindi
909327295629877248	Happiness,Hindi
909322844282089472	Happiness,Hindi
901913445582307328	Happiness,Hindi
901808859185950720	Happiness,Hindi
901524205333749760	Happiness,Hindi
890122383884996610	Happiness,Hindi
900739383954882561	Disgust,Hindi
900739171207303168	Sadness,Hindi
900697451652304897	Disgust,Hindi
900690032205352960	Fear,Hindi
900685247955611649	Happiness,Hindi
900681686236635140	Sadness,Hindi
900669973101596672	Happiness,Hindi	Sadness,Mixed
900644421263282176	Fear,English
900643731954696192	Sadness,Hindi
900626004326047744	Happiness,Mixed
900625133731102721	Happiness,Mixed
900622020521500672	Sadness,Mixed
900614239089344512	Happiness,Hindi
859742700689539073	Happiness,Hindi
840524894051872768	Happiness,Hindi
914147222706704384	Sadness,Hindi
856682033648615424	Sadness,Hindi
956125628687724544	Happiness,Hindi
833927041271468032	Anger,Hindi
833549089316954117	Happiness,Hindi
853198003934437376	Fear,Hindi
843122839318224897	Sadness,Hindi
878407318345588736	Happiness,Hindi
870417013612720128	Fear,Hindi
927078743302070274	Anger,Hindi
870996459373678592	Happiness,Hindi
935475571462565893	Happiness,Hindi
953934279515422720	Sadness,Hindi
831091582761787394	Fear,Hindi
830689186453794817	Happiness,Mixed
852944415609856000	Happiness,Hindi
938504866770534400	Sadness,Hindi
879772670367326208	Happiness,Hindi
879550299135815681	Sadness,Mixed
901137045774508032	Sadness,Hindi
900791261682184192	Anger,Hindi
900733686810849280	Sadness,Hindi	Disgust,Hindi
900360753198243841	Fear,Hindi
900038102927986690	Sadness,Hindi
900036140471898114	Anger,Hindi
899969030668374016	Sadness,Hindi
829254924332580864	Sadness,Mixed
949639986416111616	Sadness,Mixed
949359484035506176	Anger,Hindi
826677337555140609	Happiness,Hindi	Disgust,Hindi
826174578649083904	Anger,Hindi
825772119007043585	Disgust,Hindi
824278226059067392	Happiness,Hindi
948481806172483584	Surprise,Mixed
948302755269152768	Sadness,Mixed
948234281242976256	Sadness,Hindi
948182299018854400	Sadness,Hindi
947895487134388230	Happiness,Mixed
947889892532588544	Happiness,Mixed
947847241586262021	Happiness,Mixed
947840982187413504	Sadness,Hindi
822738395206184960	Happiness,Hindi
822501933395025920	Surprise,Mixed
894960820240633856	Fear,Hindi
894491926811914240	Surprise,Hindi
894393858536071168	Happiness,Mixed
893763131800932352	Sadness,Hindi
948274334333730816	Happiness,Mixed
946033200010223616	Sadness,Hindi
946027039651500032	Happiness,Mixed
917797949635149824	Anger,Mixed
840430961850474496	Surprise,Mixed
840430961850474496	Sadness,Mixed
831096596242640896	Sadness,Mixed
837923013676908544	Sadness,Mixed
915395124770861057	Surprise,English
914447129292136453	Sadness,Mixed
857259578744082432	Disgust,Mixed
856574326966861825	Sadness,Mixed
856571685478203393	Sadness,Hindi
856571016268697601	Anger,Mixed
868146027869503488	Sadness,Both
835558723284164608	Anger,Hindi
833268587037073408	Sadness,Mixed
883061764652453889	Happiness,English
843375051952939008	Happiness,English	Anger,HIndi
843354928164745216	Happiness,Mixed
932807731257360384	Sadness,Mixed
932568572726878208	Sadness,Hindi
901848921969790978	Disgust,Hindi
816709845957033985	Surprise,Both
816698991501049858	Sadness,Mixed
816695921643638784	Sadness,Mixed
816692640641118209	Sadness,Mixed
816690652620722176	Sadness,Mixed
816690404183654400	Sadness,Mixed
816689007211978752	Happiness,English
816688771697692672	Happiness,Both
816684394530426881	Happiness,Mixed
816681650272600065	Sadness,Both
816677585413255169	Sadness,Mixed
816675791375335425	Sadness,Hindi
816675578472529920	Anger,Hindi
816674473021554688	Disgust,Mixed
816673208862642176	Sadness,Mixed
816670942453698560	Sadness,Mixed882675056744071168	Anger,#RahulGandhi are madarchod rahul tere sare khandan ne is country ko bus luta hai or kuch nahi tujhe to yaha rahne ka bhi hak nahi hai	Surprise,Hindi
845091889795792897	Happiness,Mixed
843481373373599745	Sadness,Mixed
956582005969321985	Sadness,Hindi
955797363016089600	Happiness,Mixed
894842465160646656	Anger,Mixed
836236973157167104	Anger,Hindi
948481177425395712	Disgust,Mixed
948176133178011650	Anger,Hindi
948127971390382080	Surprise,Mixed
947482419979894785	Sadness,Mixed
832466562946723841	Disgust,Mixed
837248137953607680	Happiness,Mixed
881826885948366849	Anger,Mixed
879648049638678530	Happiness,Mixed
831749664915464194	Happiness,Mixed
934972391603650561	Sadness,Mixed
943448250836590593	Anger,Mixed
932646179552288769	Happiness,English	Sadness,Hindi
883659011857494016	Anger,Mixed
847527761459765248	Sadness,Mixed	Anger,Hindi
929415183574884352	Happiness,Mixed
929415183574884352	Happiness,Mixed
893950633522323457	Happiness,Mixed
899349946209509376	Anger,Mixed
899201066822025216	Anger,Mixed
898470705423110144	Happiness,Mixed
898039811512180736	Happiness,Mixed
873069575100743680	Anger,Mixed
872858153020383233	Happiness,Mixed
863863297325617152	Happiness,Mixed
889188734058418176	Sadness,Mixed
926458233551650816	Anger,Mixed
911183210171662338	Sadness,Mixed
906401945841131522	Disgust,Mixed
941581498825748481	Happiness,Hindi
941145873622343680	Happiness,Mixed
866658322040201217	Happiness,English
924910465255215104	Happiness,Mixed	Anger,Hindi
902768582278381568	Happiness,Mixed
910905479664144384	Sadness,Mixed
908330057021628422	Disgust,Mixed
843888524856320001	Happiness,Mixed
843523800482246656	Happiness,Mixed
843134093055479808	Sadness,Mixed
955082862318960640	Sadness,Hindi
846600985430646784	Sadness,English
951242115387830272	Happiness,Hindi	Sadness,Mixed
840470946053943297	Happiness,Both
839567737219387393	Sadness,Mixed
884831669093629952	Happiness,Mixed
883379448954798084	Sadness,Mixed
817264614681387008	Disgust,Mixed
907880448209981440	Anger,Hindi
906941516026806272	Anger,Mixed
863668871982481408	Disgust,Mixed
862905632361398272	Sadness,Mixed
915456011422523392	Happiness,Mixed
914396341035401216	Sadness,Mixed
876163078190022656	Sadness,Mixed
874995841563451392	Happiness,Mixed
878999400126836741	Surprise,Mixed
842536159528079361	Sadness,Mixed
873106286358822913	Happiness,Mixed	Sadness,Mixed
871444170136670208	Surprise,Mixed
870644224387108865	Sadness,Mixed
881767573032804352	Sadness,Mixed
880300399743324160	Anger,Hindi
879763690106507264	Happiness,Mixed
904666486702194689	Fear,Mixed
903135505306361856	Sadness,Mixed
902843965006680064	Sadness,Mixed
902595901167775744	Sadness,Mixed
902585631842246657	Anger,Hindi
865502929167409153	Sadness,Mixed
865132185312935938	Happiness,Mixed
831541713512509441	Sadness,Mixed
831438381901045760	Sadness,Mixed
831172661405323264	Disgust,Hindi
917470352304783360	Anger,Mixed
849017688299110400	Sadness,Mixed
848603167403253761	Fear,Hindi
847889116532531205	Anger,Hindi
910568604415885313	Anger,Mixed
909169864945762304	Happiness,Both
941019723507965953	Sadness,Mixed
940964944727629824	Happiness,Mixed	Disgust,Mixed
940964944727629824	Sadness,Mixed
890301289334267904	Happiness,Mixed
888799230856441856	Sadness,Mixed
888788646454861824	Sadness,Hindi
888385932507860992	Sadness,Mixed
888075470079762432	Sadness,Hindi
822515452563824641	Happiness,Mixed
822313378227982338	Sadness,Hindi
855225877885579269	Happiness,Mixed
855090855031517184	Sadness,Hindi
855084779548495873	Sadness,Mixed
855029396675194881	Happiness,Both
855028243883229184	Anger,Hindi
855022895759630336	Sadness,Hindi
854964191156817922	Sadness,Mixed
860105991437680640	Anger,Mixed
859371107593355265	Surprise,Mixed
859051022542622721	Happiness,English
870359567778988032	Disgust,Mixed
834652231702024192	Anger,Mixed
852557689574105088	Happiness,Mixed
841339963010502656	Sadness,Hindi
838722710448517122	Sadness,Mixed
944108757876817920	Sadness,Mixed
944108757876817920	Surprise,Mixed
943767152720523264	Surprise,Mixed
943733867029991424	Anger,Mixed
921046759471702016	Surprise,Mixed
920650676933238784	Happiness,Mixed
920646810535907329	Sadness,Mixed
886864835660709888	Anger,Mixed
885013052885798912	Sadness,Hindi
856920446981345284	Sadness,Hindi
890670548816084992	Sadness,Mixed
889767444608303104	Sadness,Mixed
914310848989900800	Anger,Hindi
888470779326812160	Sadness,Hindi
887749907452354560	Sadness,Hindi
824896046316654593	Fear,Hindi
835362719314415616	Disgust,Both
835332744200609792	Happiness,Mixed
841197046946181120	Sadness,Hindi
885112065995812864	Disgust,Hindi
885047802266603521	Happiness,Hindi
884365931195006976	Disgust,Mixed
906084856718700544	Anger,Mixed
821326432949436418	Happiness,Hindi
820646025534832640	Sadness,Hindi
921356335895027714	Sadness,Hindi
911280561070661632	Disgust,Mixed
909780200853925890	Sadness,Hindi
898419607974797314	Happiness,Hindi
840452450612105216	Happiness,Mixed
841575026608427008	Anger,Hindi
918808686067310593	Disgust,Hindi
941662863290175488	Sadness,Hindi
917371555440558081	Disgust,Hindi
941619222165237760	Disgust,Hindi
917740968509562880	Anger,Hindi
918089490421366785	Disgust,Hindi
919068990928023553	Anger,Hindi
884466571820793857	Happiness,Hindi
941632397921144832	Sadness,Hindi
844087117907025920	Disgust,Hindi
841561456483037184	Anger,Hindi
884672025318617088	Happiness,Mixed
918771437258735616	Surprise,Both
941616366695587841	Happiness,Hindi
901204376869523457	Surprise,Hindi
941776905879130112	Sadness,Hindi
941635492940050432	Surprise,Hindi
941619609819664384	Happiness,Hindi
941666256893210625	Happiness,Hindi
884522302477656067	Happiness,Hindi
918887183355854849	Sadness,Hindi
949193579016015873	Sadness,Both
918810453119078401	Anger,Hindi
941726484040884224	Sadness,Hindi
949991896880906240	Sadness,Hindi
952935825104191488	Surprise,Hindi
917754859708932096	Happiness,Hindi
941718429513510913	Anger,Both
842089655596158978	Happiness,Hindi
941609029398417408	Disgust,Hindi
941636825055219712	Surprise,Hindi
884449413342654465	Happiness,Both
917682977538064387	Fear,Hindi
941667142398857216	Sadness,Hindi
900043279525265417	Happiness,Both
918421454001119232	Sadness,Hindi
956117108731011072	Anger,Hindi
941617076355117056	Sadness,Both
884342392777826305	Disgust,Hindi
941617938796335104	Surprise,Hindi
917764220036423680	Happiness,Hindi
844087609861267456	Anger,Hindi
954433279993659392	Happiness,Hindi
918397693705310210	Disgust,Hindi
884497577034559488	Happiness,Both
860421356781010944	Sadness,Both
858948707022196736	Anger,Hindi
941610423874473984	Surprise,Hindi
942053337691836417	Anger,Hindi
941613005305008128	Anger,Hindi
941680002654928896	Disgust,Hindi
941620618117738497	Anger,Hindi
941617283306311680	Anger,Mixed
859955077624332292	Anger,Both
953265922151763968	Anger,Hindi
955037094677827584	Disgust,Hindi
951055886432260097	Disgust,Hindi
900623421238681600	Anger,Hindi
941619138249846784	Surprise,Hindi
941619138249846784	Surprise,Hindi
941610582582661120	Anger,Hindi
956575717331890176	Disgust,Hindi
884407538543767552	Disgust,Hindi
941627599230513152	Happiness,Both
902120674377990145	Happiness,Hindi
917353507774111745	Disgust,Both
953145962045714432	Surprise,Both
884434040354476032	Disgust,Hindi
941621893966258176	Happiness,Hindi
953922021045387264	Disgust,Both
902071335672786944	Anger,Hindi
900545597257596928	Anger,Hindi
938244070438199296	Disgust,Hindi
844087852996603904	Anger,Hindi
949624349782245376	Anger,Hindi
884350088235147264	Surprise,Hindi
884352547426840577	Anger,Hindi
941724750367379456	Disgust,Hindi
953985562301497344	Happiness,Hindi
918009280204361729	Anger,Hindi
918808127889223680	Sadness,Hindi
941607324313182209	Disgust,Hindi
956382058250514432	Disgust,Both
941626761250557953	Disgust,HIndi
844078240067067904	Happiness,Hindi
917714646315933696	Anger,Both
884347128595845121	Anger,Both
818112530098884608	Sadness,Mixed
815829182320148480	Anger,Mixed
815821780388483076	Happiness,Both
815821179843854336	Sadness,Mixed
815493974974566400	Anger,Mixed
924461214020677632	Anger,Mixed
924283696273702912	Sadness,Mixed
923892047924342784	Sadness,Mixed
923880051635925000	Anger,Hindi
923879667865497600	Disgust,Mixed
923488208091996160	Anger,Hindi
922688460544032768	Surprise,Mixed
884454309315981312	Sadness,Mixed
956158732894855168	Sadness,Mixed	Anger,Hindi
884537253380341760	Happiness,Mixed
884426631552618496	Disgust,Mixed
860441395076542464	Happiness,Mixed
941199078259433474	Anger,Mixed
917725135817363457	Happiness,Mixed
941632468825886721	Sadness,Mixed
917365946662109184	Anger,Mixed
843802127868731398	Anger,Mixed
917441331902930945	Anger,Mixed
952610957779386368	Anger,Hindi
954004774529241089	Happiness,Both
841548917686833152	Sadness,Hindi
917459496120631296	Anger,Mixed
955426691245006848	Anger,Mixed
942030488717463553	Happiness,Hindi
900276547583488001	Surprise,Hindi
844107127513890816	Anger,Mixed
950938075055628289	Anger,Hindi
941616458148216832	Sadness,Hindi
941298819781746689	Sadness,Mixed
918090683331723265	Happiness,Mixed
941667701184974849	Happiness,Mixed
917363928476262401	Anger,Mixed
917425093352972289	Surprise,Mixed
917744168788570114	Anger,Mixed
941624408761929728	Surprise,Mixed
941612775956246528	Sadness,Mixed
941607742699077632	Disgust,Mixed
884404684168937472	Sadness,English	Anger,Hindi
859953313558790144	Disgust,Mixed
918029678790656002	Happiness,Mixed
955813986963898369	Anger,Mixed
941628335804833792	Happiness,HIndi
954739636466839552	Happiness,Mixed
942735659776856065	Fear,Mixed
900214513517162496	Happiness,Mixed
917325695138668544	Anger,Mixed
919068440698277888	Happiness,Mixed
941647539501240320	Happiness,Both
953915324344123392	Anger,Hindi
900699901633466368	Disgust,English
942317083504738304	Sadness,Mixed	Disgust,Hindi
844080420266303488	Happiness,Mixed
941616939432136704	Happiness,Mixed
941622807418605568	Sadness,Mixed
902191659055595521	Anger,HIndi
919252780786651137	Anger,Mixed
917622334483079168	Anger,Mixed
919162376347254784	Disgust,Both
951003486543425537	Anger,HIndi
919569930109960192	Sadness,Mixed
941612146995187712	Disgust,Mixed
941658678771494914	Happiness,Both
956846191765049344	Sadness,Mixed
841572497585766400	Anger,Mixed
952580082580602880	Anger,Mixed
919588398012055555	Sadness,Hindi
917942103136616448	Anger,Hindi
956894797263859712	Sadness,Mixed
884455154291884032	Disgust,Mixed
861410926993584128	Sadness,Mixed
900681816159518720	Sadness,Mixed
941637844384272384	Surprise,Mixed
941624941346254849	Happiness,Both
917745281126555650	Sadness,Mixed
941632868756938752	Sadness,Hindi
884460784918511616	Sadness,Mixed
917330335263633409	Sadness,Both
918774178689335297	Anger,Mixed
941608646361919488	Sadness,Mixed
958102070254538752	Anger,Mixed
956024913537748992	Happiness,Mixed
958181147724230656	Happiness,Mixed
958177891740610560	Happiness,Mixed
958417309852254208	Sadness,Mixed
958102745231261696	Sadness,Mixed
958182191212634112	Anger,Hindi
958071510131867648	Happiness,Both
958186198274469888	Anger,Hindi
952365176916885505	Happiness,Hindi
958465885563318272	Surprise,Mixed
954645135295365121	Happiness,Mixed
958180078088732672	Anger,Mixed
958191914615910400	Happiness,English
958231405594628097	Sadness,Mixed
958186468865851392	Disgust,Mixed
958191731853295618	Happiness,Mixed
952365176916885505	Happiness,Mixed
958417309852254208	Happiness,Hindi
958106186724786176	Sadness,Mixed
958174955396505600	Happiness,Hindi
962388088679993344	Happiness,English
873873298576297984	Sadness,Mixed
950379602752372736	Sadness,Hindi
949641844316520448	Sadness,Mixed
949623912521859073	Anger,Mixed
874185285369593856	Fear,Hindi
962419867856011267	Happiness,Mixed
949646432658599936	Anger,Mixed
942254629655420928	Happiness,Mixed
962350313482194945	Anger,Mixed
945172466225131520	Sadness,Mixed
962282276779450370	Happiness,Mixed
873955652883709952	Sadness,Mixed
962416061155954688	Sadness,Mixed
952089968712675331	Happiness,English
948400606988746752	Fear,Mixed
962300321354612737	Happiness,Hindi
949613325326827520	Sadness,Mixed
962418487556694019	Sadness,Mixed
873944910394609666	Happiness,Mixed
962314004285870082	Sadness,Mixed
951463632067444736	Fear,Mixed
962388801862582273	Anger,Mixed
950380850318688256	Anger,Mixed
873955895247421440	Happiness,Mixed
873889636312940544	Happiness,Mixed
952150541949222914	Surprise,Mixed
949680393518796800	Sadness,Both
873863706555318272	Happiness,Mixed
949623613837266944	Happiness,Hindi
949319278506917888	Anger,Mixed
962316566560899072	Happiness,Mixed
951129787011022848	Surprise,Mixed
873833743445831681	Happiness,Mixed
949204845495398400	Surprise,Mixed
949133751728025600	Anger,Hindi
962291343555903489	Anger,Mixed
949519105341636608	Sadness,Both
884831669093629952	Happiness,Both
883379448954798084	Sadness,Mixed
817264614681387008	Disgust,Mixed
851704401886687232	Anger,English
907880448209981440	Anger,Hindi
863668871982481408	Disgust,Hindi
862905632361398272	Happiness,Mixed
914396341035401216	Anger,Mixed
876163078190022656	Anger,Mixed
874995841563451392	Happiness,Mixed
878999400126836741	Disgust,Hindi
842805763986931717	Happiness,Mixed
842536159528079361	Sadness,Mixed
842372718196609024	Sadness,Both
873106286358822913	Happiness,Mixed
871444170136670208	Surprise,Mixed
870644224387108865	Anger,Mixed
881767573032804352	Sadness,Mixed
880300399743324160	Anger,Mixed
879763690106507264	Anger,Mixed
904666486702194689	Fear,Mixed
902843965006680064	Sadness,Mixed
902595901167775744	Sadness,Hindi
865538081574629376	Anger,Hindi
831541713512509441	Sadness,Both
831172661405323264	Disgust,Mixed
919531966415769601	Anger,Mixed
849017688299110400	Disgust,Hindi
848088765981757441	Sadness,Mixed
847889116532531205	Anger,Mixed
910568604415885313	Anger,Mixed
909169864945762304	Sadness,Mixed
941019723507965953	Sadness,Mixed
940964944727629824	Disgust,Mixed
890301289334267904	Happiness,Mixed
888799230856441856	Sadness,Hindi
888788646454861824	Sadness,Hindi
822302265193046022	Happiness,Mixed
855225877885579269	Happiness,Mixed
854964191156817922	Anger,Mixed
854059038106984448	Anger,Hindi
861638250930126848	Sadness,Hindi
860105991437680640	Anger,Hindi
859371107593355265	Fear,Hindi
859051022542622721	Happiness,English
949646550799548416	Disgust,Hindi
949600808911253504	Anger,Hindi
921595273020768256	Sadness,Hindi
957328856859385856	Happiness,Hindi
957316633025921029	Disgust,Hindi
955669091032776704	Sadness,Hindi
955434250861387776	Sadness,Hindi
954844395102228481	Disgust,Hindi
954416160367263744	Fear,Hindi
954371759028895744	Sadness,Hindi
953827337870524416	Sadness,Hindi
953827337870524416	Happiness,Hindi
953258218574168064	Anger,Hindi
928327905804877824	Fear,Hindi
927464855782678534	Anger,Hindi
939621245871468544	Anger,Hindi
931043322482839552	Sadness,Hindi
928970455951671297	Anger,Hindi
928968527171665920	Sadness,Hindi
944614005418598401	Anger,Hindi
825625868127006721	Sadness,Hindi
825625395735232512	Sadness,Hindi
825624850412748801	Sadness,Hindi
825620317494194176	Sadness,Hindi
825587644432314368	Anger,Hindi
825586128719745024	Happiness,Hindi
835831393389330432	Sadness,Hindi
931921710982447105	Anger,Hindi
931747339756294144	Anger,Hindi
858573361533800448	Anger,Hindi
856745373494390784	Anger,Mixed
924836108654985216	Sadness,English
911820837539471360	Sadness,Mixed
911801509410566144	Sadness,Mixed
901757749725241344	Anger,Hindi
901753825903517696	Sadness,Mixed
901734267314626561	Anger,Mixed
901698891560529921	Sadness,Mixed
901692609873141761	Sadness,Mixed
845913326513274880	Surprise,Hindi
845912773808865280	Anger,Mixed
845887596685410305	Sadness,Mixed
936994764993454080	Sadness,Hindi
934957323377872896	Happiness,Mixed
934767113197248512	Anger,Mixed
934700513047613440	Anger,Mixed
934664897874378752	Happiness,Mixed
934657388073779200	Sadness,Hindi
876289704139923456	Anger,Hindi
929336456010780672	Anger,Mixed
870268965481795585	Happiness,Both
869338780628549633	Happiness,Mixed
884431977549414401	Anger,Hindi
875593174911143938	Happiness,Mixed
865187068728750080	Disgust,Mixed
957503161245159424	Anger,Mixed
871563442376855553	Disgust,Hindi
961239007844737025	Anger,Mixed
828252292780584960	Happiness,Mixed
828252292780584960	Happiness,Mixed
860767645385281536	Fear,Mixed
860767645385281536	Anger,Mixed
859065488101584896	Anger,Hindi
867071005168193537	Anger,Hindi
934896852163371008	Anger,Hindi
934867918583627776	Sadness,Hindi
934858565524664320	Disgust,Hindi
934723792634630144	Happiness,Hindi
956906051193851904	Surprise,Hindi
956035429140221952	Anger,Hindi
955822740698624000	Anger,Hindi
955466763147210752	Anger,Mixed
861578701338574848	Happiness,Hindi
941180107539935232	Happiness,Hindi
953502197647642624	Surprise,Mixed
956423703826321408	Happiness,Hindi
950196168885198848	Disgust,Mixed
855483480855257088	Surprise,Hindi
855468298414284801	Anger,Mixed
834747064504328193	Happiness,Mixed
834460084998701056	Happiness,Hindi
903928366046347264	Happiness,Mixed
903842339935764480	Disgust,Hindi
903806799488233472	Anger,Hindi
928444217726136320	Disgust,Hindi
927761944362106881	Disgust,Hindi
928567943683645440	Surprise,English
903445269207019521	Disgust,Hindi
925007975483244544	Happiness,Hindi
964547741207625729	Surprise,Hindi
964443181130637312	Surprise,Mixed
914112118479130625	Sadness,Mixed
912673981332832256	Happiness,Hindi
838061507741159424	Surprise,Mixed
838055298606641153	Surprise,Mixed
838039927308894212	Anger,Hindi
837996877542912000	Surprise,Mixed
837559364902793216	Anger,Both
837557567370907649	Disgust,Mixed
837550485347299328	Surprise,Hindi
837377037497171969	Surprise,Mixed
840531368971030528	Anger,Hindi
840477598010470400	Surprise,Hindi
840477372520497152	Disgust,Hindi
840424412868304896	Happiness,Hindi
915621757582589952	Surprise,Hindi
922149788723712000	Disgust,Hindi
919252780786651137	Disgust,Hindi
919176332835041281	Anger,Mixed
919068440698277888	Anger,Both
919030994862194689	Happiness,Mixed
918773473689739264	Anger,Hindi
918129186023149573	Disgust,Hindi
917744311206154243	Happiness,Hindi
917404107530395648	Anger,Hindi
921736130923335680	Sadness,Mixed
887535801722167297	Fear,Mixed
874148095508041728	Sadness,Mixed
930319226774028296	Sadness,Both
958010024076263424	Sadness,Hindi
954044271346073600	Sadness,Mixed
953952977449988096	Anger,Hindi
953382686143451136	Sadness,Hindi
951507248324456454	Sadness,Hindi
951157321295474689	Happiness,Hindi
950948601529815040	Happiness,Mixed
944209358459736064	Happiness,Mixed
943752158758842370	Sadness,Hindi
943528082387779584	Happiness,Hindi
943373863332835330	Sadness,Mixed
939131849212702722	Surprise,Hindi
939049498789142529	Fear,Hindi
946392187834527744	Happiness,Hindi
946307489842192385	Surprise,Mixed
939361284662759424	Sadness,Hindi
818442243791093760	Anger,Mixed
878946945280102400	Anger,Hindi
936968847185166336	Disgust,Mixed
965330840765964288	Anger,Hindi
965280699082211328	Sadness,Mixed
965280323591393280	Anger,Hindi
965257960178925568	Surprise,Mixed
965296261761921024	Sadness,Hindi
965235208319463425	Anger,Mixed
965205277715841024	Happiness,Mixed
965199380729835520	Sadness,Hindi
965191728197021696	Sadness,Hindi
965185040563953665	Happiness,Hindi
965185040563953665	Anger,Mixed
965142993400299520	Anger,Hindi
965119114892132352	Anger,Mixed
965110063017979904	Anger,Hindi
965108968925274112	Anger,Hindi
964011173703122945	Sadness,Mixed
964008539399208960	Sadness,Hindi
964007603641733120	Sadness,Mixed
964003018738868224	Sadness,Hindi
963997184197844992	Anger,Mixed
